time,Impor,Ekspor,Cadangan Devisa,IHSG,SPinSim,SBSR,SBIrFer,Simpanan bank ,NTRiil,NTPdag ,M1,M2/CD,M2M,PS1
Jan-90,1314.80,1909.00,6291.70,441.81,1.25,15.86,5.06,14.33074792,373.27,1.4519,10.45,0.0052,6.44,
Feb-90,1492.20,1845.20,6068.20,504.27,1.24,15.56,4.36,14.56732892,376.63,1.2366,10.66,0.0055,6.46,1
Mar-90,1694.30,2055.00,6259.10,612.20,1.24,16.63,5.83,16.70762479,375.39,1.2129,12.15,0.0056,6.16,1
Apr-90,1067.60,1803.00,5914.10,638.79,1.26,14.73,3.92,15.65500273,380.27,1.6888,12.27,0.0062,5.78,1
May-90,1796.10,1802.00,5259.70,636.40,1.23,15.13,4.32,15.32189542,384.14,1.0033,11.56,0.0071,6.92,0
Jun-90,1686.90,1750.00,5767.50,624.33,1.22,14.77,7.92,16.06778742,388.69,1.0374,12.58,0.0066,6.77,0
Jul-90,1756.70,1812.00,6392.70,614.41,1.19,14.29,7.91,16.2747431,396.82,1.0315,12.23,0.0060,7.04,0
Aug-90,2042.40,2124.00,6615.60,556.34,1.18,16.66,9.74,16.91334769,397.52,1.0400,12.08,0.0060,6.76,0
Sep-90,2259.00,2603.00,6514.50,468.51,1.15,17.85,9.96,17.30901288,397.46,1.1523,12.33,0.0063,7.02,0
Oct-90,1847.70,2639.00,6826.80,416.49,1.12,18.42,10.05,17.44925214,400.90,1.4283,12.05,0.0061,7.14,0
Nov-90,2383.30,2681.20,7467.60,383.20,1.11,20.02,10.78,17.69002123,403.87,1.1250,12.20,0.0057,7.18,0
Dec-90,2426.80,2650.50,8661.30,417.79,1.11,20.93,11.76,21.00420831,407.74,1.0922,12.53,0.0051,7.05,0
Jan-91,1942.00,2554.00,8539.80,383.02,1.17,20.61,12.36,18.3917364,410.74,1.3151,12.04,0.0052,7.84,0
Feb-91,2097.30,2361.00,8646.70,391.33,1.13,21.76,12.82,17.2515625,413.17,1.1257,13.68,0.0051,7.01,0
Mar-91,2205.80,2115.00,9560.80,408.11,1.10,24.18,17.67,17.30020704,415.25,0.9588,12.20,0.0044,7.37,0
Apr-91,2195.60,2667.00,9840.70,413.71,1.07,23.39,13.01,15.61165549,424.03,1.2147,12.07,0.0044,7.47,0
May-91,2245.00,2378.00,9782.30,397.60,1.05,25.47,13.37,16.201849,425.30,1.0592,12.07,0.0045,7.80,0
Jun-91,2224.00,2433.00,9754.00,346.27,1.08,24.56,13.08,16.73797339,427.46,1.0940,12.59,0.0046,7.70,0
Jul-91,2177.00,2538.00,9623.90,339.96,1.00,22.54,11.23,17.23379275,436.06,1.1658,12.10,0.0047,8.26,0
Aug-91,2047.00,2414.00,9467.20,300.98,1.06,21.67,11.42,17.71603053,444.37,1.1793,12.54,0.0049,8.30,0
Sep-91,1943.00,2441.00,9292.80,249.19,1.09,22.49,13.57,18.04827236,443.65,1.2563,13.11,0.0051,8.17,0
Oct-91,2257.00,2544.00,9347.60,226.68,1.13,21.11,12.87,18.33940314,448.49,1.1272,12.73,0.0052,8.32,0
Nov-91,2070.00,2409.00,10010.10,241.32,1.14,20.76,12.96,18.497733,453.77,1.1638,13.01,0.0049,8.36,0
Dec-91,2609.00,2689.00,9867.70,247.39,1.15,21.70,14.36,23.00552209,455.92,1.0307,13.22,0.0050,8.02,0
Jan-92,2189.00,2358.00,10198.50,282.20,1.16,21.11,13.69,18.70359281,460.04,1.0772,13.09,0.0048,8.29,0
Feb-92,2228.00,2487.00,10094.20,280.90,1.16,21.22,14.12,18.71293532,460.92,1.1162,13.06,0.0049,8.30,0
Mar-92,2134.00,2627.00,10542.20,278.60,1.16,20.63,13.84,22.83143282,463.19,1.2310,13.54,0.0047,6.89,0
Apr-92,2263.00,2390.00,11126.20,277.20,1.17,20.23,12.49,18.59297725,467.94,1.0561,12.91,0.0045,8.28,0
May-92,2245.00,2703.00,11314.60,299.20,1.19,20.71,13.27,19.12086828,468.93,1.2040,12.90,0.0046,8.29,0
Jun-92,2352.00,2694.00,11352.10,313.60,1.21,19.44,11.96,19.68371864,471.66,1.1454,13.20,0.0046,8.41,0
Jul-92,2202.00,2844.00,11619.90,317.20,1.25,19.21,12.75,20.27125307,472.18,1.2916,13.27,0.0046,8.60,0
Aug-92,2206.00,2017.00,11869.90,301.27,1.28,18.70,12.06,20.92723697,471.36,0.9143,13.48,0.0046,8.49,0
Sep-92,2374.00,2851.00,11582.30,298.39,1.28,18.30,11.76,21.21589794,471.87,1.2009,13.56,0.0048,8.51,0
Oct-92,2093.00,3453.00,11787.90,307.58,1.31,17.56,11.43,21.5,474.92,1.6498,13.60,0.0048,8.69,0
Nov-92,2240.00,3313.00,12171.80,285.60,1.29,17.13,10.88,28.51287033,477.55,1.4790,13.85,0.0047,8.59,0
Dec-92,2785.00,3351.00,11610.90,274.34,1.32,16.05,9.76,28.96605238,481.75,1.2032,13.96,0.0050,8.08,0
Jan-93,2143.00,3002.00,11722.80,280.15,1.34,13.43,8.07,29.11761859,494.36,1.4008,13.91,0.0049,8.52,0
Feb-93,2016.00,2893.00,11831.50,300.38,1.34,14.11,8.32,30.06240929,502.87,1.4350,14.05,0.0050,8.57,0
Mar-93,2191.00,3009.00,11981.20,310.76,1.38,14.22,8.36,29.43408981,509.56,1.3733,14.77,0.0050,7.71,0
Apr-93,2235.00,2958.00,12204.50,314.10,1.39,15.38,9.64,43.86065574,509.62,1.3235,14.32,0.0049,86.97,0
May-93,2154.00,3118.00,12100.20,341.85,1.40,15.12,8.83,43.67420597,510.60,1.4475,14.51,0.0049,8.43,0
Jun-93,2628.70,2981.20,12122.50,360.35,1.39,14.95,7.64,44.59195402,513.59,1.1341,15.12,0.0049,8.29,0
Jul-93,2430.40,3025.70,12155.10,356.72,1.38,14.22,5.07,45.83110687,519.02,1.2449,15.13,0.0050,8.10,0
Aug-93,2221.20,3128.40,12160.30,417.30,1.39,14.15,4.41,47.76831589,520.70,1.4084,16.20,0.0052,8.43,0
Sep-93,2682.10,3084.10,12207.20,419.96,1.43,13.49,6.05,49.19924099,522.57,1.1499,16.62,0.0053,8.43,0
Oct-93,2431.10,3218.40,12207.20,466.15,1.48,12.45,6.49,49.84140551,523.01,1.3238,16.91,0.0054,8.42,0
Nov-93,2374.40,3212.10,12270.50,518.78,1.53,12.02,6.19,51.2374169,524.82,1.3528,17.16,0.0055,8.33,0
Dec-93,2821.50,3194.70,12352.20,588.77,1.59,11.26,5.29,52.65402844,528.62,1.1323,17.55,0.0056,8.27,0
Jan-94,2112.20,2666.50,12419.40,592.02,1.59,10.39,4.84,53.04382658,536.80,1.2624,17.63,0.0056,8.61,0
Feb-94,2245.90,2799.60,12728.50,546.23,1.57,9.89,3.53,53.22367805,548.22,1.2465,18.74,0.0056,8.11,0
Mar-94,2619.10,3032.30,12708.50,492.37,1.56,10.84,4.60,51.53989734,551.72,1.1578,17.94,0.0055,7.86,0
Apr-94,2326.10,3133.90,11796.00,462.40,1.55,11.18,4.86,51.251745,553.84,1.3473,17.95,0.0059,8.10,0
May-94,2642.80,3209.80,11693.60,501.79,1.51,11.07,4.97,51.56937355,557.91,1.2145,18.07,0.0060,8.16,0
Jun-94,2806.80,3567.80,11733.60,457.30,1.45,11.94,5.90,52.50972222,558.00,1.2711,18.57,0.0060,7.97,0
Jul-94,2643.50,3514.90,11719.80,451.08,1.40,11.13,5.34,52.87505763,566.45,1.3296,18.56,0.0061,7.92,0
Aug-94,2756.10,3592.20,12356.80,510.26,1.36,12.05,5.63,54.25931034,570.78,1.3034,19.12,0.0059,7.89,0
Sep-94,2857.10,3481.20,12441.80,497.97,1.32,12.83,6.55,55.33608436,573.87,1.2184,19.44,0.0060,7.75,0
Oct-94,2857.30,3646.30,13222.30,523.49,1.29,12.77,6.41,56.97621226,579.93,1.2761,20.12,0.0057,7.76,0
Nov-94,2757.80,3640.90,13189.30,482.63,1.28,13.28,6.34,58.0501596,583.64,1.3202,20.19,0.0058,7.99,0
Dec-94,3364.00,3768.00,13157.90,469.64,1.24,13.76,6.43,60.205,588.53,1.1201,20.62,0.0060,7.88,0
Jan-95,2740.00,3259.00,12971.90,433.83,1.23,13.54,6.80,60.0357952,594.86,1.1894,20.20,0.0062,8.08,0
Feb-95,2942.00,3431.00,12976.30,453.58,1.19,14.04,6.75,60.26265823,601.60,1.1662,21.40,0.0063,7.03,0
Mar-95,3010.00,3485.00,13324.00,428.64,1.16,15.34,7.88,60.81252817,604.97,1.1578,20.24,0.0061,7.84,0
Apr-95,3059.00,3414.00,13399.30,416.45,1.14,14.70,6.98,60.88549618,615.37,1.1161,20.05,0.0061,8.08,0
May-95,3559.00,3822.00,13544.00,475.28,1.12,16.24,8.45,62.11404293,619.67,1.0739,20.14,0.0061,8.06,0
Jun-95,3964.00,3834.00,13927.00,492.27,1.11,16.93,8.78,64.48530721,622.23,0.9672,20.95,0.0061,8.33,0
Jul-95,3460.00,3775.00,14369.00,512.06,1.09,16.72,8.22,66.90159574,629.43,1.0910,21.00,0.0061,8.47,0
Aug-95,3807.00,3953.00,14251.00,500.74,1.09,17.29,8.25,69.00838482,632.56,1.0384,21.35,0.0063,8.64,0
Sep-95,3847.00,3940.00,14319.00,493.24,1.09,17.23,8.10,69.86021978,636.24,1.0242,21.53,0.0063,8.75,0
Oct-95,3391.00,3900.00,14333.00,488.44,1.11,16.76,7.88,71.44157549,641.04,1.1501,22.05,0.0064,8.87,0
Nov-95,3371.00,4080.00,14660.00,481.73,1.12,16.84,7.76,72.29137631,647.26,1.2103,21.95,0.0064,8.90,0
Dec-95,3505.00,4524.00,14787.00,513.84,1.12,16.35,7.62,73.93717504,656.23,1.2907,23.11,0.0065,8.64,0
Jan-96,3184.00,3601.00,14866.00,578.55,1.12,14.11,6.24,74.05884898,673.42,1.1310,22.58,0.0065,8.94,0
Feb-96,2870.00,3685.00,16067.00,585.20,1.12,15.90,7.67,75.27734711,683.34,1.2840,23.24,0.0061,7.63,0
Mar-96,3563.00,3955.00,16097.00,585.70,1.12,17.95,9.92,75.67436885,679.70,1.1100,22.75,0.0062,7.49,0
Apr-96,3690.00,4030.00,16044.00,623.90,1.11,17.09,8.83,77.88556789,680.52,1.0921,22.88,0.0063,7.82,0
May-96,3942.00,4075.00,16039.00,617.46,1.11,16.74,8.29,78.74341546,687.09,1.0337,22.83,0.0064,8.02,0
Jun-96,4012.00,4136.00,16649.00,594.25,1.11,18.09,9.54,82.02476516,678.10,1.0309,24.10,0.0064,8.10,0
Jul-96,3589.00,4069.00,16571.00,536.02,1.10,16.66,8.17,83.41436464,684.70,1.1337,24.53,0.0065,8.28,0
Aug-96,3434.00,4322.00,16559.00,547.61,1.11,17.30,8.94,83.12780364,686.03,1.2586,24.37,0.0065,8.18,1
Sep-96,3645.00,4331.00,16554.00,573.30,1.11,17.07,8.85,86.2525641,678.42,1.1882,25.51,0.0067,8.29,1
Oct-96,3521.00,4472.00,16717.00,568.02,1.12,16.77,8.59,88.8422619,682.52,1.2701,25.34,0.0068,8.39,1
Nov-96,3652.00,4456.00,17953.00,613.01,1.12,16.77,7.93,90.95143581,688.66,1.2202,25.42,0.0065,8.59,1
Dec-96,3827.00,4682.00,19281.00,637.43,1.12,16.69,7.21,94.64876206,695.35,1.2234,26.89,0.0063,8.39,1
Jan-97,4781.00,4484.00,19931.00,691.11,1.13,15.15,5.43,93.47746244,708.77,0.9379,27.49,0.0061,8.22,1
Feb-97,3310.00,4027.00,19968.00,705.37,1.14,15.90,6.05,94.72859518,714.87,1.2166,27.01,0.0061,8.69,1
Mar-97,4699.00,4451.00,19983.00,662.23,1.15,16.44,5.79,94.35014469,717.14,0.9472,26.28,0.0061,8.33,1
Apr-97,3943.00,4946.00,20452.00,652.05,1.16,15.85,4.94,95.72955199,723.30,1.2544,26.54,0.0060,7.72,1
May-97,5000.00,4854.00,21123.00,696.02,1.17,15.75,4.76,96.42704918,728.07,0.9708,26.74,0.0059,7.71,1
Jun-97,3550.00,4936.00,21276.00,724.55,1.17,15.97,5.16,98.62040816,729.86,1.3904,28.55,0.0060,7.74,1
Jul-97,4340.00,5130.00,21148.00,721.27,1.17,15.04,4.69,92.75721431,779.49,1.1820,26.65,0.0058,7.96,1
Aug-97,4732.00,4547.00,20185.00,493.96,1.16,20.81,7.44,77.03953871,916.91,0.9609,21.49,0.0053,9.78,0
Sep-97,4459.00,4689.00,21187.00,546.68,1.01,25.13,15.66,72.18320611,997.72,1.0516,20.23,0.0047,8.98,0
Oct-97,4786.00,4838.00,19213.00,500.41,0.97,26.34,14.06,65.63841962,1130.84,1.0109,18.35,0.0048,10.15,0
Nov-97,3966.00,4516.00,18903.00,401.70,1.00,25.72,13.65,64.89391447,1133.63,1.1387,19.15,0.0048,9.77,1
Dec-97,3741.00,4879.00,17396.00,401.71,1.06,22.20,12.66,53.08301075,1471.67,1.3042,16.85,0.0044,7.72,0
Jan-98,3203.00,3892.00,18985.00,485.93,1.12,15.69,7.52,25.1579759,3502.80,1.2151,8.94,0.0023,8.05,0
Feb-98,2401.00,4027.00,16298.00,482.37,1.07,11.33,4.02,32.18857143,3324.96,1.6772,10.57,0.0030,8.67,0
Mar-98,3284.00,4908.00,16613.00,541.42,1.02,21.99,17.17,37.74186186,3330.95,1.4945,11.80,0.0033,7.57,1
Apr-98,3687.00,4385.00,17742.00,460.13,1.00,24.70,36.41,42.97306667,3131.46,1.1893,12.72,0.0034,7.43,0
May-98,2600.00,4239.00,18991.00,420.46,1.01,27.71,47.44,31.83344418,4622.48,1.6304,9.88,0.0025,7.27,0
Jun-98,2840.00,4668.00,18769.00,445.92,0.83,35.99,47.98,23.50557047,6838.86,1.6437,7.35,0.0020,8.05,0
Jul-98,3181.00,4333.00,19418.00,481.71,0.79,34.45,56.87,27.73961538,6469.64,1.3622,8.14,0.0022,7.67,0
Aug-98,3062.00,4252.00,19735.00,342.43,0.79,38.05,59.05,32.7765237,5851.73,1.3886,9.44,0.0025,7.88,0
Sep-98,3046.00,4781.00,20475.00,276.15,0.75,43.63,59.88,35.31485981,5858.66,1.5696,9.59,0.0025,7.83,0
Oct-98,3059.00,3785.00,21636.00,300.77,0.65,54.94,55.23,52.45748344,4112.69,1.2373,13.19,0.0033,7.54,0
Nov-98,2451.00,3542.00,22623.00,386.27,0.66,52.98,46.42,57.1309589,3979.76,1.4451,13.83,0.0033,7.54,0
Dec-98,2465.00,3557.00,23516.00,398.03,0.71,47.81,32.21,53.63127726,4439.82,1.4430,12.61,0.0031,7.69,0
Jan-99,2140.00,3041.00,24542.00,411.93,0.76,42.53,28.95,48.65039106,5086.23,1.4210,11.39,0.0027,7.97,0
Feb-99,2452.00,3357.00,24392.00,396.00,0.91,36.94,31.61,50.42107675,5017.68,1.3691,11.85,0.0028,7.75,0
Mar-99,2795.00,4413.00,25942.00,393.62,0.95,35.03,33.57,50.9472654,4964.43,1.5789,12.17,0.0027,7.66,0
Apr-99,3029.00,4127.00,25715.00,495.22,0.93,34.77,31.85,55.03583535,4658.60,1.3625,12.19,0.0029,8.13,0
May-99,2873.00,4169.00,26146.00,585.24,0.98,31.48,24.26,57.93510179,4558.27,1.4511,12.75,0.0030,8.23,0
Jun-99,2748.00,4106.00,27051.00,662.02,1.05,27.73,17.39,71.05114481,3769.97,1.4942,15.75,0.0034,7.96,0
Jul-99,2638.00,4534.00,26749.00,597.87,1.12,24.50,11.36,71.00363636,3801.63,1.7187,15.43,0.0034,8.12,0
Aug-99,2771.00,4903.00,26888.00,572.66,1.27,19.99,9.12,64.41784534,4134.31,1.7694,14.48,0.0031,8.06,0
Sep-99,3228.00,4832.00,26888.00,547.94,1.45,16.56,8.93,58.49284522,4523.54,1.4969,14.09,0.0029,8.03,0
Oct-99,2924.00,4549.00,27093.00,593.86,1.70,13.31,8.00,70.81130435,3717.39,1.5557,16.86,0.0034,7.59,0
Nov-99,2933.00,4394.00,27071.00,583.80,1.67,12.80,7.55,66.27784512,4007.72,1.4981,15.80,0.0032,7.90,0
Dec-99,2790.00,4819.00,27257.00,676.92,1.60,11.22,5.28,69.56499647,3890.51,1.7272,17.59,0.0033,6.35,0
Jan-00,3288.15,4471.10,27861.00,636.37,1.56,11.53,4.96,67.81225589,4118.74,1.3598,16.49,0.0031,7.42,0
Feb-00,2698.29,5012.49,28401.00,576.54,1.56,12.57,5.90,68.02051965,4141.63,1.8577,16.28,0.0031,7.50,0
Mar-00,3375.78,5629.79,29230.00,583.27,1.53,12.85,6.30,67.55401845,4135.46,1.6677,16.42,0.0030,7.38,0
Apr-00,2955.02,4720.43,28854.00,526.73,1.55,11.60,4.50,65.02404028,4350.49,1.5974,16.03,0.0029,7.56,0
May-00,3484.09,5257.56,28532.00,454.32,1.56,10.97,3.86,60.54361949,4754.30,1.5090,15.11,0.0028,7.50,0
Jun-00,4224.08,5758.76,27531.00,515.11,1.55,11.19,5.26,59.56599886,4816.40,1.3633,15.32,0.0028,7.24,0
Jul-00,3775.49,5758.90,27404.00,492.19,1.53,10.51,5.98,57.72431412,5016.18,1.5253,15.08,0.0028,7.29,0
Aug-00,4145.24,5844.25,27451.00,466.38,1.45,11.85,6.52,63.37708082,4642.57,1.4099,16.47,0.0030,7.25,0
Sep-00,4529.65,6223.86,28094.00,421.33,1.40,12.90,7.70,60.2594533,4888.74,1.3740,15.42,0.0028,7.07,0
Oct-00,4009.63,5906.55,28736.00,405.34,1.37,11.93,6.25,57.76178819,5282.79,1.4731,14.78,0.0026,7.25,0
Nov-00,3794.02,5753.31,29024.00,429.21,1.35,11.85,6.39,57.74113326,5426.08,1.5164,14.82,0.0026,7.19,0
Dec-00,2795.87,5067.28,29394.00,416.32,1.33,11.30,6.03,57.79562272,5572.46,1.8124,16.90,0.0026,5.95,0
Jan-01,3450.36,5054.34,29257.00,425.61,1.29,13.50,9.54,59.79185185,5471.76,1.4649,15.38,0.0027,7.94,0
Feb-01,2975.14,4796.81,29091.00,428.30,1.24,13.49,8.83,58.73980681,5721.55,1.6123,15.24,0.0026,8.13,0
Mar-01,3428.28,5547.68,28673.00,381.05,1.20,13.97,9.92,55.30807692,6090.39,1.6182,14.27,0.0026,8.20,0
Apr-01,3342.56,4963.68,28713.00,358.23,1.21,14.46,11.52,49.43203426,6841.03,1.4850,13.22,0.0024,8.31,0
May-01,3472.19,5115.77,28594.00,405.86,1.22,13.79,11.65,52.28965455,6523.04,1.4734,14.09,0.0025,8.16,0
Jun-01,3343.80,4924.61,28638.00,437.62,1.23,13.33,11.40,50.79903846,6849.38,1.4728,14.00,0.0024,7.97,0
Jul-01,3089.01,4894.19,28938.00,444.08,1.23,13.02,11.02,61.29175853,5840.39,1.5844,17.02,0.0028,7.72,0
Aug-01,3145.31,4802.44,28555.00,435.55,1.21,15.83,14.38,66.99898477,5424.30,1.5269,18.82,0.0031,7.46,0
Sep-01,2945.13,4533.71,28957.00,392.47,1.18,15.52,14.38,61.34894057,5931.01,1.5394,16.98,0.0028,7.57,0
Oct-01,2818.60,4646.55,28596.00,383.74,1.15,15.99,14.06,58.46075707,6461.94,1.6485,16.29,0.0027,7.79,0
Nov-01,2997.73,4230.04,28022.00,380.31,1.13,15.35,13.72,59.0093001,6580.34,1.4111,16.43,0.0028,7.58,0
Dec-01,3423.57,3852.55,28016.00,392.03,1.11,15.62,13.86,61.87788462,6694.07,1.1253,17.09,0.0029,7.48,0
Jan-02,2560.74,3808.41,27771.40,392.03,1.11,15.27,13.29,58.71967054,6759.78,1.4872,16.16,0.0029,8.06,0
Feb-02,2631.49,4164.37,27937.00,453.25,1.12,16.11,14.38,59.34390028,6747.36,1.5825,16.55,0.0029,8.03,0
Mar-02,2754.24,4697.32,28003.50,481.86,1.14,16.71,15.26,62.42112895,6356.50,1.7055,17.21,0.0031,7.97,0
Apr-02,3264.30,4985.57,28151.20,544.85,1.16,16.77,15.62,65.3883641,6084.77,1.5273,18.14,0.0032,8.05,0
May-02,3047.57,5109.16,28756.00,530.79,1.18,15.43,12.95,69.47239613,5783.67,1.6765,19.15,0.0033,7.90,0
Jun-02,2954.47,4936.90,29278.70,505.01,1.20,15.55,13.12,70.95555556,5765.09,1.6710,19.93,0.0033,7.81,0
Jul-02,3345.56,5270.78,30323.70,463.67,1.25,14.56,12.59,68.74967062,6057.21,1.5755,19.05,0.0031,8.06,0
Aug-02,3886.72,5586.51,30156.44,456.40,1.28,14.47,12.63,70.36731702,5893.93,1.4373,19.85,0.0032,7.88,0
Sep-02,3558.24,5342.58,30040.80,412.43,1.31,13.76,11.04,70.22151969,6014.43,1.5015,20.17,0.0032,7.79,0
Oct-02,3650.67,5258.97,29896.90,371.14,1.33,13.44,11.02,68.77136359,6182.69,1.4405,19.68,0.0031,7.81,0
Nov-02,3298.46,5066.09,29994.50,390.42,1.34,11.98,10.03,70.50512478,6121.79,1.5359,21.90,0.0032,7.03,0
Dec-02,2777.93,4547.16,32037.04,424.94,1.34,12.47,10.30,72.98355705,6184.26,1.6369,21.47,0.0031,7.33,0
Jan-03,3668.31,5437.72,32181.90,388.44,1.35,12.53,10.92,72.93397927,6163.06,1.4823,20.29,0.0031,7.70,0
Feb-03,4059.96,5318.91,32217.81,399.22,1.39,12.96,11.57,73.78034812,6146.98,1.3101,20.39,0.0031,7.86,0
Mar-03,3469.44,5530.98,32578.18,398.00,1.40,13.09,10.94,74.07891783,6099.59,1.5942,20.35,0.0030,7.97,0
Apr-03,3210.37,5306.91,33626.43,435.04,1.43,12.20,9.31,76.68587896,5960.32,1.6531,21.09,0.0030,7.96,0
May-03,3530.64,4928.17,34162.23,494.78,1.48,11.74,8.75,81.33216572,5708.89,1.3958,23.16,0.0032,7.81,0
Jun-03,2992.76,5462.34,34056.62,497.81,1.51,11.36,8.45,81.32251056,5711.13,1.8252,23.52,0.0032,7.62,0
Jul-03,3572.71,5423.85,33733.38,508.70,1.58,10.65,8.21,79.84950029,5858.62,1.5181,23.11,0.0031,7.74,0
Aug-03,3317.71,5617.91,33539.56,530.86,1.71,8.92,7.63,80.00117165,5907.81,1.6933,23.65,0.0032,7.56,0
Sep-03,3307.42,5469.95,34067.56,599.84,1.87,8.21,7.62,81.59017761,5808.11,1.6538,24.75,0.0032,7.53,0
Oct-03,3434.63,5511.15,34841.45,629.05,1.98,7.40,6.81,81.92783991,5923.05,1.6046,25.03,0.0031,7.44,0
Nov-03,3297.11,4955.32,35114.08,617.08,2.04,6.65,6.29,81.152864,6026.08,1.5029,26.28,0.0032,6.13,0
Dec-03,3706.61,5146.00,36295.71,679.30,2.11,6.31,6.37,84.25859421,6040.04,1.3883,26.44,0.0031,6.45,0
Jan-04,4188.20,5366.22,35975.39,752.93,2.24,6.04,6.71,84.00556806,6027.48,1.2813,24.77,0.0031,6.42,0
Feb-04,3747.00,4457.33,36000.72,761.08,2.32,6.47,7.33,83.02249319,5998.28,1.1896,24.64,0.0030,6.54,0
Mar-04,4575.71,5222.21,37419.16,735.67,2.39,5.75,6.70,81.68021428,6080.60,1.1413,24.36,0.0029,6.53,0
Apr-04,4416.90,5259.14,37080.66,783.41,2.41,5.02,5.66,80.96963399,6173.00,1.1907,24.04,0.0029,6.38,0
May-04,4083.33,6062.20,36469.56,733.99,2.31,5.28,6.02,77.42681868,6583.84,1.4846,23.44,0.0028,6.49,0
Jun-04,4542.13,6514.87,34851.00,732.40,2.23,5.87,5.97,77.3441317,6741.18,1.4343,24.02,0.0030,6.26,0
Jul-04,4676.46,6380.14,34810.47,756.98,2.16,6.05,5.51,79.96629581,6600.23,1.3643,25.20,0.0031,5.58,0
Aug-04,4457.59,6520.10,34821.90,746.76,2.12,6.45,5.83,79.2290952,6717.77,1.4627,24.94,0.0030,5.69,0
Sep-04,5152.75,6555.23,34802.19,819.82,2.09,6.61,5.85,81.50665213,6591.23,1.2722,25.59,0.0031,5.64,0
Oct-04,5045.22,6754.77,35353.20,860.35,2.05,6.12,5.66,82.63652365,6535.99,1.3388,26.46,0.0031,5.39,0
Nov-04,4178.52,5998.10,35927.38,977.77,2.04,5.70,4.50,83.77245509,6538.48,1.4355,27.01,0.0031,5.42,0
Dec-04,5944.28,7074.15,36320.48,1000.23,2.00,5.67,3.77,84.7818084,6830.61,1.1901,26.47,0.0031,5.18,0
Jan-05,5429.60,6298.97,36092.18,1045.44,2.00,5.34,4.01,84.79814512,6820.67,1.1601,26.45,0.0031,5.54,0
Feb-05,6074.67,6508.01,36542.11,1073.83,1.98,6.91,5.68,83.75097192,6840.29,1.0713,26.42,0.0030,5.63,0
Mar-05,6988.89,7324.25,36030.14,1080.17,1.92,4.99,3.53,82.63470464,7075.88,1.0480,25.74,0.0030,5.53,0
Apr-05,6229.64,6879.85,36428.79,1080.17,1.94,6.54,5.29,83.57742947,7124.78,1.1044,25.13,0.0030,5.72,0
May-05,6722.51,7472.28,34612.61,1088.17,1.88,6.82,4.64,84.45866245,7090.84,1.1115,25.98,0.0032,5.55,0
Jun-05,6215.77,7222.97,33865.41,1122.37,1.86,6.69,4.55,84.41604036,7286.38,1.1620,26.96,0.0033,5.43,0
Jul-05,6577.65,7234.93,32208.37,1182.30,1.81,6.63,4.93,83.93054283,7389.13,1.0999,26.59,0.0035,5.64,0
Aug-05,7109.42,7227.15,31180.29,1050.09,1.74,7.16,5.21,81.31269531,7708.54,1.0166,26.26,0.0035,5.74,0
Sep-05,6469.01,7477.26,30318.31,1079.27,1.71,7.82,6.78,82.23840931,7720.32,1.1559,25.97,0.0037,5.14,0
Oct-05,6459.48,7971.88,32646.09,1058.26,1.62,0.68,1.25,83.94945491,8196.62,1.2341,27.78,0.0035,4.55,0
Nov-05,5057.42,7019.40,33239.83,1017.73,1.49,9.41,6.14,86.24564026,8325.58,1.3879,26.78,0.0035,5.17,0
Dec-05,6296.58,8083.78,34723.69,1162.63,1.38,11.79,8.14,90.6207528,8185.06,1.2838,27.58,0.0035,5.02,0
Jan-06,5683.84,7812.44,35076.65,1229.70,1.33,10.87,7.65,95.56221394,7868.86,1.3745,29.17,0.0036,5.14,0
Feb-06,5806.08,7734.13,35525.13,1216.14,1.33,11.74,7.87,98.05027086,7760.31,1.3321,29.29,0.0037,5.23,0
Mar-06,6608.40,7716.01,40081.58,1322.97,1.34,12.16,8.52,99.49366391,7590.44,1.1676,29.80,0.0033,5.13,0
Apr-06,6299.44,8188.78,42811.64,1464.40,1.35,11.98,8.80,103.2849003,7280.74,1.2999,31.18,0.0032,5.19,0
May-06,6696.92,8440.11,44293.72,1330.00,1.37,11.45,7.63,102.1072668,7640.91,1.2603,32.12,0.0030,5.19,0
Jun-06,7191.83,8855.03,40107.11,1310.26,1.38,11.25,7.00,102.4913978,7726.71,1.2313,32.67,0.0034,5.08,0
Jul-06,7086.82,9111.59,41125.79,1351.65,1.39,11.12,6.85,104.5771775,7547.15,1.2857,33.42,0.0034,4.99,0
Aug-06,6806.20,9179.84,41995.41,1444.49,1.42,11.01,6.37,106.6517582,7581.39,1.3487,35.06,0.0033,5.10,0
Sep-06,6861.87,9312.65,42352.88,1534.00,1.43,10.67,5.13,107.1274499,7761.32,1.3572,35.07,0.0033,5.02,0
Oct-06,6037.23,8461.69,39895.37,1582.62,1.46,9.86,4.10,110.5953897,7764.72,1.4016,36.91,0.0037,4.83,0
Nov-06,8193.75,8796.08,41578.59,1718.96,1.50,9.91,4.51,112.5824332,7849.47,1.0735,36.26,0.0035,5.07,0
Dec-06,7386.23,9885.12,42586.33,1805.52,1.55,8.50,3.14,116.0859202,7808.06,1.3383,38.47,0.0036,4.65,0
Jan-07,6730.36,8640.81,43266.33,1757.26,1.61,8.22,3.52,115.9338834,7953.99,1.2839,36.93,0.0035,4.98,0
Feb-07,6417.82,8530.40,45689.98,1740.97,1.67,8.21,3.92,115.9745633,8006.67,1.3292,36.72,0.0033,5.07,0
Mar-07,7507.83,9455.05,47221.16,1830.92,1.70,8.28,4.42,116.6840316,7912.44,1.2594,36.38,0.0032,5.07,0
Apr-07,7121.93,9300.94,49309.39,1999.17,1.72,8.46,4.56,117.3554993,7829.61,1.3060,37.67,0.0031,5.06,0
May-07,8164.40,9978.23,50112.83,2084.32,1.74,7.96,4.01,119.5688032,7560.85,1.2222,38.95,0.0032,5.00,0
Jun-07,7750.17,9923.25,50924.44,2139.28,1.76,7.64,3.21,120.8661365,7765.71,1.2804,41.06,0.0032,5.02,0
Jul-07,8005.74,10106.38,51879.77,2348.67,1.78,6.97,2.25,122.1988896,7927.04,1.2624,42.05,0.0031,5.06,0
Aug-07,8344.14,10041.54,51426.42,2194.34,1.82,6.76,2.07,120.7444208,8180.94,1.2034,41.65,0.0031,5.01,0
Sep-07,8245.12,9861.03,52875.12,2359.21,1.79,6.64,2.98,124.6378461,7977.85,1.1960,43.79,0.0031,4.89,0
Oct-07,7701.68,10391.26,54154.21,2643.49,1.78,6.62,3.17,127.179721,7993.24,1.3492,44.38,0.0031,4.89,1
Nov-07,9063.74,10383.36,54897.03,2688.33,1.78,7.22,4.16,125.8864121,8201.24,1.1456,44.09,0.0030,5.01,1
Dec-07,8047.70,11402.02,56920.13,2745.83,1.75,6.32,2.58,132.5806349,8287.22,1.4168,47.78,0.0031,4.35,1
Jan-08,9504.47,11484.58,55998.74,2627.25,1.76,5.63,3.73,130.3184802,8269.05,1.2083,44.21,0.0031,4.80,1
Feb-08,9710.95,10881.44,57125.10,2721.94,1.76,6.71,4.64,132.9403381,8091.47,1.1205,44.35,0.0031,4.98,1
Mar-08,10137.86,12047.37,58987.30,2447.30,1.77,6.31,5.67,130.0652056,8238.31,1.1884,44.46,0.0029,4.91,1
Apr-08,11704.45,11318.61,58769.99,2304.52,1.79,6.66,6.04,131.3697206,8225.44,0.9670,44.88,0.0030,4.97,1
May-08,11277.18,13053.90,57464.33,2444.35,1.76,5.93,5.68,131.9431208,8333.30,1.1575,45.75,0.0031,4.92,1
Jun-08,11853.97,12971.91,59452.60,2349.11,1.73,6.44,6.46,136.918374,8365.41,1.0943,49.11,0.0031,4.87,1
Jul-08,12661.70,12704.32,60563.47,2304.51,1.68,6.45,5.91,136.1878701,8338.01,1.0034,48.91,0.0031,4.86,1
Aug-08,11716.78,12453.47,58356.43,2165.94,1.60,7.89,6.09,135.5362176,8446.49,1.0629,48.11,0.0032,4.90,1
Sep-08,10903.11,12921.96,57107.97,1832.51,1.47,8.48,6.14,139.6640009,8750.33,1.1852,51.16,0.0033,4.53,1
Oct-08,11314.17,11373.35,50580.17,1256.70,1.44,9.72,7.04,121.7491587,10410.46,1.0052,41.76,0.0033,5.90,0
Nov-08,8711.71,9577.50,50181.62,1241.54,1.40,10.71,6.46,111.7452062,11744.09,1.0994,38.15,0.0030,6.03,0
Dec-08,7954.24,8817.49,51639.31,1355.41,1.36,11.20,8.14,128.1302283,10690.16,1.1085,41.72,0.0034,5.50,0
Jan-09,6564.02,7431.96,50869.56,1332.67,1.34,11.41,9.14,123.1830031,11029.75,1.1322,38.56,0.0032,5.96,0
Feb-09,5626.48,7857.55,50564.33,1285.48,1.35,10.92,8.42,118.0676127,11603.69,1.3965,36.29,0.0031,6.26,0
Mar-09,6479.42,8905.86,54840.18,1406.65,1.41,10.43,7.65,123.7269114,11208.74,1.3745,38.71,0.0030,6.29,0
Apr-09,6307.87,8414.49,56565.90,1722.77,1.47,10.40,7.94,134.1699804,10316.49,1.3340,42.28,0.0032,6.20,0
May-09,6912.11,9602.02,57934.10,1916.83,1.52,9.64,7.38,140.1384913,9932.97,1.3892,44.19,0.0032,6.23,0
Jun-09,7976.98,10141.45,57576.02,2026.78,1.57,9.14,7.63,145.9422983,9749.95,1.2713,47.20,0.0034,6.12,0
Jul-09,8839.88,10259.93,57418.46,2323.24,1.61,8.54,6.02,149.1728831,9516.49,1.1606,47.27,0.0034,6.07,0
Aug-09,8387.41,10893.56,57943.04,2341.54,1.64,8.17,6.04,149.855666,9682.97,1.2988,48.72,0.0034,6.15,0
Sep-09,7107.29,10135.24,62287.14,2467.59,1.70,7.30,5.39,156.6465241,9410.12,1.4260,50.67,0.0033,5.70,0
Oct-09,9083.91,11899.88,64528.45,2367.70,1.77,7.78,6.29,160.2684128,9286.50,1.3100,50.87,0.0033,5.54,0
Nov-09,8272.77,10642.71,65844.17,2415.84,1.82,7.71,6.48,162.6915612,9214.37,1.2865,52.22,0.0033,5.47,0
Dec-09,8797.41,13461.02,66104.86,2534.36,1.83,7.15,5.87,171.5508511,9182.55,1.5301,54.87,0.0034,5.33,0
Jan-10,9166.95,10538.74,69562.47,2610.80,1.88,6.47,5.88,171.1464218,9193.55,1.1496,53.02,0.0032,5.40,0
Feb-10,8961.26,11224.95,69730.60,2549.03,1.93,6.77,6.09,170.5512105,9188.99,1.2526,52.50,0.0032,5.44,0
Mar-10,10930.58,13320.11,71823.21,2777.30,1.94,7.15,6.95,178.8542216,8922.90,1.2186,54.25,0.0032,5.64,0
Apr-10,10667.47,12140.44,78582.77,2971.25,1.92,6.83,6.40,181.3076687,8820.19,1.1381,54.90,0.0030,5.49,0
May-10,10023.67,12537.30,74587.29,2796.96,1.91,6.66,6.17,181.7827288,9003.44,1.2508,55.99,0.0031,5.47,0
Jun-10,11060.11,12761.39,76321.26,2913.68,1.89,5.98,5.31,190.4932676,9003.39,1.1538,60.05,0.0032,5.56,0
Jul-10,11975.42,12996.68,78794.09,3069.28,1.90,5.38,4.83,191.1734227,9010.82,1.0853,60.29,0.0031,5.42,0
Aug-10,12343.57,14192.28,81317.21,3081.88,1.90,6.20,5.76,190.6698064,9157.28,1.1498,61.44,0.0030,5.24,0
Sep-10,9069.19,12519.47,86550.64,3501.30,1.87,6.51,6.00,198.2701782,9073.29,1.3804,61.62,0.0029,5.37,0
Oct-10,11672.77,14279.48,91798.63,3635.32,1.86,6.93,6.44,202.3471864,9071.95,1.2233,62.23,0.0028,5.51,0
Nov-10,12551.84,15044.04,92759.28,3531.21,1.84,6.43,5.82,205.1241429,9209.42,1.1986,63.39,0.0028,4.85,0
Dec-10,13675.70,16268.59,96206.85,3703.51,1.82,6.14,5.63,219.0752775,9255.47,1.1896,67.34,0.0029,4.77,0
Jan-11,12658.09,14943.40,95331.56,3409.17,1.85,5.99,5.97,215.0494678,9362.25,1.1805,66.71,0.0028,4.76,0
Feb-11,12113.98,14125.27,99618.83,3470.35,1.87,6.69,6.99,217.4390876,9087.82,1.1660,66.40,0.0028,4.82,0
Mar-11,14608.95,16749.46,105709.08,3678.67,1.78,7.23,7.93,226.770302,8854.97,1.1465,66.67,0.0027,4.84,0
Apr-11,14775.44,16387.77,113814.19,3819.62,1.77,7.27,7.58,230.5794845,8635.13,1.1091,68.19,0.0025,4.68,0
May-11,14819.75,17799.37,118108.84,3836.97,1.77,6.79,6.98,237.7932986,8567.82,1.2011,71.66,0.0025,4.71,0
Jun-11,15571.59,17586.73,119654.75,3888.57,1.76,6.40,5.97,241.2428812,8684.66,1.1294,74.00,0.0025,4.66,0
Jul-11,15837.09,16907.53,122670.95,4130.80,1.82,6.21,6.05,245.5397873,8644.85,1.0676,75.19,0.0025,4.62,0
Aug-11,14646.32,18530.80,124637.75,3841.73,1.81,5.97,5.98,244.8387328,8773.22,1.2652,77.27,0.0025,4.19,0
Sep-11,14901.87,16937.76,114502.40,3549.03,1.76,6.78,6.51,245.3963674,9034.65,1.1366,74.36,0.0026,4.68,0
Oct-11,15530.24,17092.36,113961.76,3790.85,1.74,7.23,6.29,248.616369,9055.09,1.1006,75.27,0.0027,4.73,0
Nov-11,15505.23,16611.16,111315.94,3715.08,1.76,6.65,5.46,243.660157,9438.52,1.0713,72.80,0.0027,4.80,0
Dec-11,15895.63,16997.14,110122.84,3821.99,1.79,6.24,5.06,260.623326,9409.48,1.0693,79.73,0.0029,4.69,0
Jan-12,15153.29,15678.52,111990.49,3941.69,1.81,5.92,5.56,260.6155211,9395.27,1.0347,77.36,0.0028,4.81,0
Feb-12,15813.31,15704.36,112219.56,3985.21,1.84,6.47,6.02,258.1378833,9439.56,0.9931,75.20,0.0028,4.93,0
Mar-12,16216.99,16970.04,110493.27,4121.55,1.90,6.24,6.32,261.0987277,9473.09,1.0464,77.80,0.0029,4.97,0
Apr-12,16474.21,15863.43,116413.02,4180.73,1.98,5.79,5.82,262.6262339,9473.98,0.9629,78.44,0.0027,4.91,0
May-12,16899.04,16371.82,111528.07,3832.82,2.00,5.82,5.44,256.9268155,9878.13,0.9688,78.35,0.0028,4.95,0
Jun-12,16139.84,15304.67,106502.39,3955.58,2.05,5.14,4.86,262.5253038,9856.19,0.9483,82.21,0.0030,4.87,0
Jul-12,16005.18,15738.65,106558.99,4142.34,2.08,4.97,4.77,262.4279863,9934.02,0.9833,81.36,0.0030,4.81,0
Aug-12,13664.39,13706.43,108990.39,4060.33,2.09,4.66,5.24,263.0679027,10036.69,1.0031,80.79,0.0030,4.70,0
Sep-12,15405.35,16162.57,110172.24,4262.56,2.06,5.68,6.07,267.6500407,10022.36,1.0492,82.96,0.0030,4.90,0
Oct-12,17256.36,15326.72,110297.16,4350.29,2.06,5.50,5.43,267.9408539,10070.43,0.8882,80.60,0.0030,4.88,0
Nov-12,16935.00,16316.90,111285.11,4276.14,2.00,5.74,5.09,273.1200708,10111.84,0.9635,83.43,0.0030,4.95,0
Dec-12,15582.00,15393.90,112781.22,4316.69,1.99,5.22,4.62,280.2338139,10252.16,0.9879,87.04,0.0030,4.69,0
Jan-13,15450.20,15375.50,108779.95,4453.70,1.95,5.29,5.33,276.3942648,10347.37,0.9952,81.24,0.0031,4.92,0
Feb-13,15313.30,15015.60,105182.65,4795.79,1.93,5.22,5.75,278.4275008,10302.33,0.9806,81.36,0.0032,5.00,0
Mar-13,14887.10,15024.60,104799.86,4940.99,2.03,5.17,5.42,279.988433,10379.75,1.0092,83.35,0.0033,5.00,0
Apr-13,16463.50,14760.90,107268.50,5034.07,2.00,5.68,5.48,284.9936155,10398.77,0.8966,85.60,0.0032,5.04,0
May-13,16660.50,16074.00,105148.53,5068.63,2.02,5.58,5.71,283.4860763,10475.79,0.9648,83.95,0.0033,5.03,0
Jun-13,15636.00,14740.72,98095.10,4818.90,1.99,4.70,5.10,278.9909044,10694.09,0.9427,86.46,0.0035,4.93,0
Jul-13,17417.00,15108.50,92671.06,4610.38,1.95,2.97,3.40,272.7065596,11399.76,0.8675,85.62,0.0037,4.67,0
Aug-13,13012.10,13160.80,92997.09,4195.09,1.89,5.17,6.01,256.0698892,12221.44,1.0114,78.34,0.0034,4.91,0
Sep-13,15466.50,14809.30,95675.33,4316.18,1.79,6.83,7.50,245.7458081,12945.10,0.9575,74.72,0.0032,5.01,0
Oct-13,15674.50,15716.90,96995.68,4510.63,1.72,6.77,6.69,253.7385206,12578.01,1.0027,76.21,0.0033,4.87,0
Nov-13,15149.30,15925.70,96960.15,4256.44,1.65,7.14,7.02,240.139752,13459.50,1.0512,72.67,0.0031,4.82,0
Dec-13,15455.87,16967.80,99386.71,4274.18,1.59,7.16,6.92,243.7321954,13760.32,1.0978,72.78,0.0031,4.54,0
Jan-14,14916.20,14472.30,100651.40,4418.76,1.54,6.88,6.68,239.4040528,13897.43,0.9702,68.93,0.0030,4.67,0
Feb-14,13790.70,14634.10,102740.92,4620.22,1.54,7.77,7.49,253.3253137,13210.20,1.0612,71.73,0.0030,4.81,0
Mar-14,14523.70,15192.60,102591.87,4768.28,1.49,8.20,7.94,260.2693108,12876.59,1.0461,74.84,0.0031,4.74,0
Apr-14,16255.00,14292.50,105562.78,4840.15,1.48,8.36,7.73,263.6537678,12976.00,0.8793,76.35,0.0031,4.78,0
May-14,14770.30,14825.30,107047.66,4893.91,1.42,8.74,7.57,262.8899871,13040.46,1.0037,78.09,0.0030,4.79,0
Jun-14,15697.80,15416.00,107678.10,4878.58,1.51,7.91,7.14,262.2540747,13475.30,0.9820,79.01,0.0030,4.85,0
Jul-14,14081.70,14178.20,110542.44,5088.80,1.38,8.26,6.41,267.1863075,13176.03,1.0069,79.25,0.0030,4.36,0
Aug-14,14793.20,14475.10,111223.64,5136.86,1.35,8.96,6.74,269.5006572,13404.10,0.9785,76.46,0.0030,4.72,0
Sep-14,15546.10,15275.80,111164.46,5137.58,1.36,9.10,7.19,266.9973198,13997.97,0.9826,77.72,0.0030,4.91,0
Oct-14,15328.00,15350.90,111972.61,5089.55,1.39,8.77,6.66,271.2560718,13948.45,1.0015,77.83,0.0030,4.74,0
Nov-14,14041.60,13615.90,111143.55,5149.89,1.42,7.52,5.59,271.5965571,14369.30,0.9697,78.35,0.0030,4.77,0
Dec-14,14434.50,14612.30,111861.59,5226.95,1.43,6.48,4.60,271.3786246,15103.35,1.0123,75.74,0.0030,4.54,0
Jan-15,12612.30,13355.80,114249.52,5289.40,1.43,9.15,7.40,265.059322,15362.90,1.0590,72.72,0.0029,4.89,0
Feb-15,11510.10,12172.80,115527.33,5450.29,1.43,9.30,8.17,264.2243015,15528.37,1.0576,72.13,0.0028,4.96,0
Mar-15,12608.70,13634.30,111553.65,5518.68,1.46,8.64,7.81,261.7120154,15728.26,1.0813,73.19,0.0029,5.01,0
Apr-15,12626.30,13104.60,110867.10,5086.43,1.48,8.23,7.22,265.2494775,15576.33,1.0379,74.16,0.0030,4.89,0
May-15,11613.60,12754.70,110770.55,5216.38,1.50,8.00,7.39,259.3867883,15904.09,1.0983,74.25,0.0029,4.90,0
Jun-15,12978.10,13514.10,108029.61,4910.66,1.54,7.73,7.19,261.9966644,16079.39,1.0413,77.97,0.0030,4.94,0
Jul-15,10081.90,11465.80,107552.84,4802.53,1.56,7.20,6.46,257.9615985,16409.57,1.1373,76.55,0.0030,4.81,0
Aug-15,12399.20,12726.00,105345.92,4509.61,1.57,7.67,6.85,248.3104948,17164.67,1.0264,73.17,0.0030,4.96,0
Sep-15,11558.60,12588.40,101719.53,4223.91,1.58,8.00,7.27,242.5535403,17954.70,1.0891,72.53,0.0030,5.09,0
Oct-15,11108.90,12121.70,100711.97,4455.18,1.57,8.07,7.42,258.2674969,16701.44,1.0912,75.98,0.0032,4.99,0
Nov-15,11519.50,11122.20,100240.45,4446.46,1.59,7.69,6.96,256.210776,17018.34,0.9655,75.95,0.0032,4.97,0
Dec-15,12077.30,11917.10,105931.03,4593.01,1.56,7.03,5.83,263.3157035,17184.65,0.9867,76.51,0.0031,4.81,0
Jan-16,10467.00,10480.60,102133.89,4615.16,1.58,7.39,6.54,260.0003658,17307.92,1.0013,75.56,0.0032,5.08,0
Feb-16,10175.60,11312.00,104543.72,4770.96,1.56,8.06,6.80,272.8940071,16715.50,1.1117,77.31,0.0032,5.14,0
Mar-16,11301.70,11810.02,107542.58,4845.37,1.58,7.56,6.62,278.3511756,16528.02,1.0450,80.20,0.0032,5.28,0
Apr-16,10813.60,11475.86,107711.00,4838.58,1.67,7.72,7.30,282.7520027,16286.78,1.0612,82.49,0.0032,5.17,0
May-16,11140.70,11514.28,103591.27,4796.87,1.66,6.97,6.54,276.9034754,16765.44,1.0335,82.17,0.0033,5.13,0
Jun-16,12095.20,12974.40,109788.72,5016.65,1.69,6.34,5.80,289.8983008,16282.77,1.0727,89.86,0.0033,4.78,0
Jul-16,8916.00,9514.30,111408.72,5215.99,1.69,6.29,5.28,293.1175774,16314.85,1.0671,87.41,0.0032,5.08,0
Aug-16,12385.20,12748.30,113538.18,5386.08,1.69,6.96,4.99,290.1708659,16553.67,1.0293,85.38,0.0031,5.14,0
Sep-16,11297.50,12514.10,115671.34,5364.80,1.70,6.62,4.65,295.1861468,16175.11,1.1077,86.63,0.0032,5.09,0
Oct-16,11472.20,12679.00,115037.05,5422.54,1.72,6.61,4.36,297.072367,16244.12,1.1052,87.56,0.0032,5.14,0
Nov-16,12669.40,13495.30,111466.09,5148.91,1.72,6.22,3.75,290.7461669,16987.12,1.0652,87.20,0.0032,5.16,0
Dec-16,12780.30,13772.40,116361.53,5296.71,1.70,6.27,3.74,300.9572534,16893.21,1.0776,92.11,0.0032,5.06,0
Jan-17,11968.40,13401.70,116890.08,5294.10,1.68,5.78,3.74,299.8244239,16840.96,1.1198,89.30,0.0032,5.19,0
Feb-17,11354.00,12613.52,119863.05,5386.69,1.67,6.51,4.21,301.1800898,16832.56,1.1109,89.61,0.0031,5.21,0
Mar-17,13283.40,14678.80,121805.63,5568.11,1.67,6.71,3.98,306.2154203,16783.50,1.1050,91.27,0.0031,5.20,0
Apr-17,11945.20,13279.19,123249.43,5685.30,1.69,6.55,4.09,307.7739805,16755.78,1.1117,93.49,0.0031,5.11,0
May-17,13767.10,14345.40,124953.29,5738.16,1.68,6.23,3.58,312.2897302,16799.13,1.0420,95.78,0.0031,5.11,0
Jun-17,9991.80,11655.90,123093.71,5829.71,1.68,5.93,3.03,315.5400576,16897.32,1.1665,100.75,0.0032,4.60,0
Jul-17,13885.60,13611.22,127758.58,5840.94,1.69,6.34,3.34,317.1999605,16950.57,0.9802,97.07,0.0030,5.19,0
Aug-17,13509.50,15229.40,128787.06,5864.06,1.69,6.61,3.75,317.3629496,16923.76,1.1273,95.48,0.0030,5.19,0
Sep-17,12780.80,14559.80,129402.40,5900.85,1.70,6.33,3.53,317.8996679,17034.67,1.1392,96.68,0.0030,5.23,0
Oct-17,14240.90,15242.20,126547.13,6005.78,1.73,6.31,3.06,318.1303504,17147.83,1.0703,97.68,0.0031,5.21,0
Nov-17,15104.90,15320.20,125967.23,5952.14,1.76,5.97,2.93,322.3756507,17108.26,1.0143,99.02,0.0031,5.16,0
Dec-17,15061.20,14791.20,130196.38,6355.65,1.75,5.40,2.11,327.3678349,17283.83,0.9821,102.66,0.0031,4.99,0
Jan-18,15132.40,14455.50,131979.64,6605.63,1.78,5.41,2.80,328.4022279,17125.20,0.9553,98.91,0.0030,5.21,0
Feb-18,14212.80,14096.80,128058.65,6597.22,1.79,5.80,3.16,321.7694535,17450.58,0.9918,98.58,0.0030,5.24,0
Mar-18,14463.60,15586.87,126003.20,6188.99,1.80,5.68,2.66,322.2464835,17507.78,1.0777,98.95,0.0031,5.19,0
Apr-18,16162.29,14537.19,124862.00,5994.60,1.81,5.73,2.93,320.1929364,17609.10,0.8995,98.91,0.0031,5.21,0
May-18,17662.89,16209.32,122913.91,5983.59,1.82,5.58,3.34,318.160381,17666.88,0.9177,100.68,0.0032,4.90,0
Jun-18,11267.90,12941.70,119839.03,5799.24,1.80,5.24,2.95,311.5442039,18318.33,1.1485,100.83,0.0032,4.94,0
Jul-18,18297.10,16284.70,118312.24,5936.44,1.76,5.71,3.11,310.100533,18379.23,0.8900,95.99,0.0032,5.51,0
Aug-18,16818.10,15865.10,117927.18,6018.46,1.71,6.17,3.74,305.1126628,18739.04,0.9433,94.10,0.0032,5.50,0
Sep-18,14610.00,14956.30,114847.52,5976.55,1.69,6.44,3.93,303.5292351,18960.65,1.0237,94.56,0.0033,5.63,0
Oct-18,17667.60,15909.10,115163.06,5831.65,1.63,6.14,3.53,300.9197231,19358.39,0.9005,92.64,0.0032,5.71,0
Nov-18,16901.80,14851.70,117211.83,6056.12,1.59,6.32,3.28,319.5764066,18339.79,0.8787,98.00,0.0034,5.69,0
Dec-18,15364.90,14290.10,120654.27,6194.50,1.51,6.22,2.69,324.0308942,18695.37,0.9300,100.62,0.0033,5.39,0
Jan-19,15005.19 ,14028.09 ,120075.16,6532.97,1.52,6.58,3.49,328.4143573,18191.69,0.9349,97.79,0.0033,5.62,0
Feb-19,12465.07 ,12788.56 ,123273.87,6443.35,1.53,6.99,4.13,330.3191227,18087.59,1.0260,98.59,0.0033,5.78,0
Mar-19,13746.62 ,14447.79 ,124539.31,6468.76,1.53,6.74,4.08,328.4796649,18239.04,1.0510,100.30,0.0032,5.77,0
Apr-19,15399.19 ,13068.07 ,124293.82,6455.35,1.54,6.39,3.72,330.0698286,18186.00,0.8486,102.31,0.0033,5.65,0
May-19,14606.66 ,14751.89 ,120347.15,6209.12,1.54,6.11,3.16,330.6123374,18489.54,1.0099,104.83,0.0034,5.11,0
Jun-19,11495.39 ,11763.35 ,123823.27,6358.63,1.53,6.24,3.10,341.5709994,18272.82,1.0233,107.03,0.0034,5.74,0
Jul-19,15518.48,15238.42,125900.04,6390.5,1.53,6.47,3.24,345.4522712,18150.29,0.9820,106.07,0.0034,5.81,0
Aug-19,14169.35,14261.96,126441.00,6328.47,1.54,6.59,3.26,339.709587,18445.54,1.006535938,103.6415221,0.0033,5.81,0
Sep-19,14263.45,14080.11,124332.00,6169.1,1.57,6.83,3.73,344.9358569,18299.29,0.987146167,106.4496945,0.0034,5.87,0
Oct-19,14759.08,14881.46,126694.00,6228.32,1.58,6.46,3.59,350.0932835,18047.64,1.008291845,107.3783752,0.0034,5.96,0
Nov-19,15340.48,13944.49,126633.00,6011.83,1.61,6.21,3.19,352.5195413,18204.76,0.908999588,110.135741,0.0034,5.93,0
Dec-19,14506.78,14428.82,129183.00,6299.54,1.59,6.01,3.00,360.5047779,18022.54,0.994625961,112.6076138,0.0034,5.52,0
Jan-20,14268.72,13632.04,131704.00,5940.05,1.61,5.97,3.49,361.972734,17694.96,0.955379319,108.6519265,0.0034,6.00,
Feb-20,11548.1,14060.9,130444.00,5452.7,1.62,6.08,3.30,350.9847755,18436.84,1.217594236,105.7672137,0.0033,6.15,
Mar-20,13352.18,14067.94,120969.00,4538.93,1.63,6.01,4.08,309.6527794,21266.10,1.053606228,100.7320419,0.0033,6.25,
Apr-20,12535.23,12163.14,127880.00,4716.4,1.64,5.85,3.64,333.6636411,19841.63,0.97031646,104.0048347,0.0032,6.04,
May-20,8438.63,10454.28,130544.00,4753.61,1.63,5.67,4.20,345.4945345,19299.09,1.23886E-05,112.2385556,0.0034,6.68,
Jun-20,10760.32,12009.34,131718.00,4905.39,1.65,5.83,4.78,362.743963,18666.31,1.116076474,114.5120025,0.0034,6.72,
Jul-20,10464.3,13702.67,135077.00,5149.63,1.66,5.71,4.44,355.4353776,19008.26,1.309468383,114.8702402,0.0033,7.07,
Aug-20,10742.41,13095.78,137041.00,5238.49,1.70,5.57,4.25,367.7418548,18811.51,1.219072815,121.2906431,0.0034,7.21,
Sep-20,11570.1,13960.53,135153.00,4870.04,1.83,5.06,3.95,367.5415872,19246.00,1.206604092,119.3673019,0.0033,7.02,
Oct-20,10786.02,14362.24,133663.00,5128.22,1.95,4.5,3.64,373.170067,18956.64,1.331560668,121.3236372,0.0035,6.90,
Nov-20,12664.41,15259.32,133556.00,5612.42,2.03,4.11,3.12,391.6085235,18292.96,1.20489782,127.3419642,0.0036,6.91,
Dec-20,14438.38,16538.31,135897.00,5979.07,2.09,4.12,3.46,397.5506134,18327.53,1.145440832,131.557944,0.0036,6.01,
Jan-21,13312.75,15293.67,138005.00,5862.35,2.13,4.23,3.96,390.9715441,18269.27,1.148798708,125.1273644,0.0035,6.91,
Feb-21,13264.1,15265.1,138787.00,6241.8,2.20,4.08,3.85,,18375.93,1.150858332,125.4312931,0.0034,7.01,
