0;1;2;3;4;5;6;7;8;9;10;11;12
-0.858382819;-0.665722496;-0.60997429;-0.777393457;-0.936129872;0.436807677;0.55972431;-0.556915765;-0.276165684;2.151767629;-0.599771473;-0.374762645;0.97213454
-0.050990924;0.168094012;-0.308217752;-0.369743366;-0.296546334;-0.127623632;-0.215497969;-0.317317887;0.039931211;0.301935297;-0.283504761;-0.323874796;-0.403497603
-0.559639588;-0.372873652;-0.461288977;-0.677271226;2.227743812;-0.815155968;-0.327333314;-0.473403648;-0.104535069;1.005447311;-0.464050081;-0.651489869;-0.427795317
-0.638972799;-0.512583779;-0.641809291;-0.809380328;-0.129194016;-0.032023898;-0.257436223;-0.617076653;-0.480704632;0.889697744;-0.674154485;-0.612926669;1.525643638
0.872008519;0.627876612;0.122206104;0.103464662;0.886264717;-0.711698722;-0.318437321;-0.129895244;0.161513903;-1.206628687;-0.022719941;-0.648740846;-0.853195299
-1.027399544;-1.137618097;-1.02800323;-0.883465117;-0.744087385;0.931830959;0.534307186;-0.960068597;-1.228233461;0.329602987;-0.930941982;0.68088323;0.181171554
1.596305947;1.467914616;1.420064661;1.486547932;-0.319220135;-0.435376202;-0.240279665;1.332521693;1.187343816;-1.043501639;1.21037473;-0.644601435;-0.303779897
1.452128073;1.358396786;1.624358573;2.042541417;0.12768216;-0.783725919;-0.685079333;2.379995595;2.001320416;-0.979760485;2.541620865;-0.301598516;-1.443058929
1.542976324;1.351313647;1.864626965;2.115310181;0.764712049;-0.876706482;-0.818519233;2.152810441;1.785201327;-1.135437606;2.266460691;-0.563178537;-1.009505901
-1.032396697;-1.201366349;-1.076694925;-0.872163189;-1.47676363;1.367922898;0.341137044;-0.965375598;-1.234707897;-0.265580917;-0.938662324;0.816892207;0.070166991
1.508176147;1.399937314;1.245088077;1.412771042;1.607828405;-0.906826947;-0.397865833;0.938546637;0.547666511;-1.006851073;0.904904656;-0.40462339;-0.402541435
1.133389632;1.011656295;0.957163786;1.042347093;1.18574565;-0.906826947;-0.322885317;0.992459624;0.87778397;-0.996476112;1.012112387;-0.24955591;-0.621722026
1.187618742;1.327897623;1.659937664;1.724207249;0.538283871;-0.705150795;-0.580869125;1.90054277;1.695518892;-0.553287682;1.856294962;-0.54635184;0.111489248
1.052755563;1.110299423;1.409844332;1.699659648;-0.11561184;-0.452400812;-0.094131202;1.436610146;1.506370458;-0.665517255;1.250774011;-0.699322041;0.428620162
-1.040991802;-1.18282519;-1.05429333;-0.902634395;-1.016690662;1.117792086;0.672830511;-0.956668744;-1.229845544;0.043053869;-0.930198785;0.830586354;-1.083108237
-0.855497462;-0.844292808;-0.830038311;-0.870935561;-2.121411501;3.399089857;6.418371368;-0.732126142;-0.263966167;0.789176146;-0.74905328;-1.062567465;1.372753638
-0.532788683;-0.400943299;-0.462277691;-0.665064468;1.990443891;-0.791583431;-0.385792699;-0.469906738;-0.129800657;0.674015781;-0.452655955;-0.579914157;-0.394328883
-1.016405806;-1.200116383;-1.083435164;-0.928416578;-1.084445056;1.180652185;0.54955746;-0.963607306;-1.232480922;-0.44861434;-0.935253464;1.188512543;0.060538068
-0.9198608;-1.051162134;-0.99502168;-0.825544598;-0.800530081;0.189296035;-0.22185225;-0.895424636;-1.206244821;-0.153901492;-0.889723848;2.013118459;-0.59142056
0.547683261;0.658540979;1.312246024;1.344009948;0.187464189;-0.64098111;-0.265696789;1.474399095;1.628491705;-0.400774496;1.425027617;-0.610045626;-0.319910792
-1.029598291;-1.10324404;-1.019189447;-0.886664301;-0.341569238;0.278347843;-0.023598683;-0.946107876;-1.22153411;0.716798106;-0.922522989;1.017127228;-0.431194824
1.460048162;2.130376241;1.729026203;0.866863775;0.9560571;-0.802060114;-0.326697886;0.498612534;0.25970168;0.204939391;0.559684579;-1.0816009;-1.902681838
-0.730568624;-0.816585234;-0.878656822;-0.812484161;-1.476986244;1.650793345;3.541152943;-0.760961485;-0.751566668;-0.154385545;-0.770657575;-0.283208468;1.267558849
1.087056025;1.139069468;1.52713082;1.589426367;0.614686739;-0.762772552;-0.611369674;1.875439573;1.71518345;-0.683095925;1.907371336;-0.45538089;-0.541243623
1.484829446;1.358417619;1.299922244;1.389390482;-0.224043043;-0.439304958;-0.124631751;1.173191073;1.024590767;-1.032946554;1.131548853;-0.588490441;-0.47454783
0.164401985;0.348638644;-0.088982173;-0.005889613;0.754076528;-0.541452619;-0.576421128;-0.242587719;0.042387544;0.00111736;-0.189367241;-0.489575733;-0.285041976
0.55886789;0.779698906;0.127507302;0.174371126;0.843338201;-0.757534211;-0.365459;-0.13999562;0.16381977;-0.158922859;-0.033556083;-0.679911763;-0.66685873
-0.128928329;0.028205349;-0.230937249;-0.380495047;-0.357276835;-0.084407314;-0.116371186;-0.322337965;0.056737521;0.181643167;-0.300044999;-0.589388678;0.093976382
-0.030002679;0.114645478;-0.333068081;-0.390298196;-0.340579593;-0.110599022;-0.196435126;-0.314020051;0.07211784;0.044198137;-0.281987888;-0.31263221;-0.284904814
0.323682855;0.608365272;0.389586207;0.224891609;1.31869004;-0.697293282;-0.312718468;0.138626923;0.334225617;0.145243596;0.154741909;-0.477639624;-0.609361856
-0.17448278;-0.172382484;-0.571862304;-0.505010929;0.635721689;-0.559786815;-0.224393962;-0.388614196;0.070971591;-0.312763027;-0.366484946;-0.045341907;-0.380461045
-0.912278519;-0.782802202;-0.52993451;-0.829959988;-0.465007037;0.049170397;0.222947418;-0.527048919;-0.204361302;1.964372454;-0.544249725;-0.551573313;0.305148742
-1.064578366;-1.127410043;-1.022841325;-0.891819148;-0.448387416;0.263942403;-0.028682108;-0.945271196;-1.222732793;1.008756907;-0.926135818;1.0080989;0.061603111
-0.982465139;-1.177929491;-1.100177203;-0.833511767;-1.140524704;1.157079648;0.408492423;-0.961005877;-1.239785431;-0.614209879;-0.938402087;1.164520838;-0.957763721
1.062627939;1.383021111;1.014112334;0.652048675;1.081145324;-0.799440944;-0.327968742;0.390557135;0.36528189;-0.195912777;0.422211681;-0.772180352;-0.544301934
-0.737564639;-0.801793973;-0.873509554;-0.736561902;-1.127123912;0.61229212;-0.0782455;-0.836712529;-1.189430931;-0.008394938;-0.853147766;2.321049187;1.626737118
-0.893275943;-0.861584;-0.673644292;-0.750352857;-1.555457225;2.538692248;1.997062666;-0.656630848;-0.495816335;1.084861451;-0.752058891;-0.653051548;3.033995826
0.752966328;0.795183065;1.145365484;1.171511277;0.243095316;-0.52704718;-0.143694594;1.506229822;1.680808672;-0.618985689;1.435354681;-0.427535539;-0.26330337
0.717322631;1.044844968;0.440634668;0.338253554;1.333271052;-0.647529037;-0.203424835;0.165661867;0.28653057;-0.015702701;0.165003773;-0.434564349;-0.197512382
1.379009723;1.445269744;1.775604835;1.941560044;0.713774375;-0.757534211;-0.697787895;2.069557397;1.760823909;-0.717727104;2.113965505;-0.559424323;-0.300072603
1.631731368;1.730461166;1.404045483;0.803967686;0.804199031;-0.713008307;-0.392782408;0.59364192;0.378953418;-0.712924191;0.570893469;-0.895948237;-0.594054482
-0.206693033;0.022868828;0.068438128;-0.185440194;-0.074671761;-0.221913781;-0.077610072;0.029006607;0.536326398;0.530384747;0.067653485;-0.49304836;-0.371749869
1.010879416;0.921075446;1.258409012;1.198541946;0.220633733;-0.579430596;-0.216133397;1.478275027;1.763840991;-0.925805398;1.41193865;-0.639943135;-0.112960189
-0.225102746;-0.225357073;-0.485332087;-0.483606891;1.09599418;-0.707769965;-0.507794894;-0.408411838;-0.006810086;-0.283495816;-0.380429856;-0.395644361;-0.295547551
-1.039192826;-1.104702333;-1.025493022;-0.901866631;-0.463529672;0.174890596;-0.060453513;-0.946675345;-1.224257875;0.846953437;-0.926867293;0.980424841;0.093377516
0.711832359;0.961899326;0.081661729;-0.130941838;-0.058757107;-0.473354178;-0.305728759;-0.061387396;0.255597267;-0.174037606;0.13048651;-0.356044219;-1.973010618
1.639901114;1.452269212;1.400350184;1.510400274;-0.389932558;-0.392159883;-0.172924286;1.320658984;1.196220486;-1.13288197;1.231052021;-0.662011359;-0.314259835
-1.079170055;-1.221574128;-1.08477199;-0.917241286;-1.219514818;1.361374971;0.638517394;-0.964130142;-1.233347384;0.162741113;-0.933745969;1.133788595;-0.165048734
1.041390037;1.403987203;0.951362461;0.712655377;1.052070944;-0.741819186;-0.347031585;0.320477852;0.337888144;-0.11065039;0.345238052;-0.783779727;-0.54573507
-0.184715952;0.047015666;-0.196875993;-0.17640183;0.518036679;-0.508712984;-0.587350491;-0.236687745;0.12229854;0.507696452;-0.205581598;-0.396593568;0.102128461
-0.176388095;-0.069338226;-0.515076956;-0.515444777;0.37499466;-1.494830792;-0.927177438;-0.389200793;0.156347385;0.057801632;-0.33716031;-0.165326334;-1.401963328
2.189787889;1.662450948;1.574717683;1.90712487;0.804744782;-0.836109335;-0.691433614;2.17710997;1.98154781;-1.571227945;2.249335905;-0.43143347;-0.853410023
-0.777869281;-0.677142808;-0.597752576;-0.829627257;-0.610186656;0.184057694;0.126362347;-0.58899581;-0.332076086;1.150077942;-0.653487978;-0.897685386;1.417639026
-0.865891542;-1.004080092;-0.986432329;-0.828122021;-1.01576809;0.425021408;-0.084599781;-0.893693183;-1.20443227;-0.303533461;-0.888959551;2.00482209;-0.722874182
-0.766947902;-0.787627695;-0.950742975;-0.785811055;-1.112474068;0.557289534;-0.117642042;-0.868398675;-1.195242904;0.325694688;-0.869193321;2.33681304;-0.118726533
-0.977428009;-1.030746028;-0.716432486;-0.84433198;-1.766709727;3.253725878;2.931141969;-0.677450784;-0.413467927;0.696636311;-0.75169081;-0.76544984;2.690307865
-0.810294211;-0.798647809;-0.63180749;-0.724961013;0.20754986;-0.07393063;-0.45568979;-0.632584629;-0.574599637;0.652506076;-0.707241995;-0.50241175;1.945776223
-1.116408843;-1.352612201;-1.155518877;-0.73586863;-0.90103177;0.287514941;-0.080787212;-0.967974902;-1.241742814;-0.901554024;-0.941215452;1.911453056;-1.369762974
1.560586293;1.587661332;1.053841196;1.072814326;0.476373538;-0.648838622;-0.194528842;1.048318334;1.099702288;-0.807963291;1.046410958;-0.528457285;-0.716125535
-0.208378073;-0.024152591;-0.267092053;-0.313750203;-0.419436229;-0.014999287;0.032318989;-0.347207403;-0.007821846;0.36922045;-0.352811995;-0.467629502;-0.020193069
-0.856097121;-0.941581806;-0.783664105;-0.891624476;-2.528535109;5.610979602;5.932904301;-0.708709027;-0.575683558;0.072928929;-0.760728743;-0.409122931;1.737269338
0.801958421;0.897643251;1.61254913;1.634111643;0.53220258;-0.731342503;-0.551639432;1.858570666;1.704311222;-0.525435276;1.809827395;-0.548617904;0.101252521
-0.879483799;-1.015329784;-0.994914344;-0.815738966;-0.9082732;0.254775306;-0.228206531;-0.894856459;-1.205035253;-0.263739765;-0.883276555;2.103443514;-1.369916266
-1.053784515;-1.228240612;-1.067273717;-0.921149137;-1.062879733;1.134816696;0.560995166;-0.96328071;-1.231534412;-0.275315726;-0.933685013;0.980876048;0.016621839
1.91033527;1.68060045;1.409220318;0.86243895;1.522532587;-0.821703895;-0.39532412;0.751726467;0.457753228;-1.198262897;0.762708565;-0.78477489;-0.304688973
-0.974829489;-0.989080504;-0.737802188;-0.843323855;-2.368497863;4.67724521;3.007393341;-0.68438297;-0.517047446;1.046543608;-0.756991657;-0.573821184;2.598087754
-0.562135367;-0.433499698;-0.626123539;-0.831752762;-0.278195655;0.10548257;-0.107475192;-0.614468139;-0.436580399;0.720029551;-0.676733402;-0.804933002;1.163934053
-0.944027034;-1.098390006;-1.001447228;-0.796471855;0.195213513;-0.164292023;-0.501440613;-0.911045256;-1.213977335;-0.303737926;-0.904095452;1.450707543;-0.779075238
1.485856861;1.683923276;1.464989385;0.855883653;0.822702459;-0.631814012;-0.123360895;0.411304434;0.234948679;-0.534002364;0.376411631;-1.045734919;-0.68660568
-0.795131848;-0.945123376;-0.990484278;-0.807761368;-0.74880479;0.218106914;-0.268873929;-0.895458641;-1.207378921;-0.482058347;-0.887867028;1.907042085;-0.91248693
-0.679597658;-0.881166796;-0.920200889;-0.734351972;-1.157181785;0.608363364;-0.032494677;-0.85797383;-1.189712832;-0.89085669;-0.868227399;2.228793967;0.904027237
1.894156286;1.575036679;1.565324284;1.947857102;0.657867139;-0.775868406;-0.611369674;2.190594187;2.046041751;-1.318819921;2.251122931;-0.467037919;-0.880339265
-0.046473697;-0.224486888;-0.550834615;-0.519502109;0.734790859;-0.646219451;-0.423918385;-0.399408144;0.068860212;-0.972184381;-0.363920095;-0.201585869;-0.210651224
-1.020803301;-1.113868748;-1.013742125;-0.885005116;-0.298522136;0.43025975;0.139070909;-0.924847992;-1.221522824;0.480787905;-0.924604879;0.926409455;0.045498664
1.263772963;1.125326928;1.347314535;0.975423469;1.795866914;-0.973615802;-0.420741244;0.792408629;0.486173815;-1.036007664;0.816571225;-0.651045346;-0.845560489
0.20032912;0.361829116;-0.056937621;0.048747795;0.9780477;-0.698602868;-0.82296723;-0.184348857;0.153536999;-0.087586386;-0.075306412;-0.552278534;-0.403283744
0.830220323;0.723955852;1.709157259;2.116790089;0.109969774;-0.766701308;-0.69270447;2.432631346;1.962473279;-0.970475963;2.577615941;-0.305953503;-0.950810328
-0.331427982;-0.102555232;-0.455784327;-0.430305373;-0.47864121;-0.160363267;-0.113829473;-0.353241983;0.097596722;0.722263284;-0.351698371;-0.100471107;-0.057359052
-0.872860372;-0.730794879;-0.601802086;-0.828291367;-0.761285232;0.182748108;0.036131558;-0.58001762;-0.287301634;1.847968817;-0.642858149;-0.922705677;1.640939462
0.348198891;0.748971832;0.262681645;0.134840698;0.824621227;-0.565025156;-0.287301344;0.094466703;0.351705413;0.416906263;0.144084204;-0.387853512;-0.564397891
1.731663844;1.548694276;1.288001414;1.016150735;1.755855011;-0.933018655;-0.480471486;0.774130824;0.467771013;-1.129403715;0.815073671;-0.602725202;-0.66045008
-0.789734922;-0.91762413;-0.96181814;-0.798425036;-1.162926142;0.610982535;-0.084599781;-0.873643333;-1.197966245;-0.340003708;-0.876121231;2.256723711;0.290059083
-0.774056253;-0.577846781;-0.516733596;-0.843338753;-0.276812448;0.130364692;0.304282215;-0.521790801;-0.219538195;1.762293583;-0.569335558;-0.602952477;1.210505387
-1.169278727;-1.345695724;-1.163434936;-0.790565135;-0.748371934;0.453832287;-0.531941161;-0.970593334;-1.245360617;0.069288582;-0.948942826;1.433473088;-1.858680497
-1.002593674;-1.07722392;-1.023707334;-0.811356849;0.157295784;-0.11976612;-0.468398352;-0.911264875;-1.2135977;0.593390886;-0.903809427;1.816809779;-0.52029817
-0.146620851;-0.122644265;-0.333690876;-0.383986239;-0.458076191;0.00857325;-0.003264984;-0.349630303;0.047691842;-0.257148957;-0.360241621;-0.3765516;0.085861529
1.551711349;1.461518958;1.761458385;1.914921701;0.80619287;-0.802060114;-0.714309025;2.097129875;1.75373075;-0.983098986;2.142992393;-0.518288405;-0.499766342
1.221139648;1.211879971;1.726624795;2.171482125;0.122342586;-0.701222038;-0.568160563;2.325449086;1.956419999;-0.814497776;2.34995891;-0.424197439;-0.542987492
-0.896454133;-1.004871737;-1.007953278;-0.79369231;-0.533719575;0.096315472;-0.253623655;-0.903792142;-1.210006644;-0.016513842;-0.894820727;1.881936567;-0.983734525
1.347187849;1.223608816;1.385176231;1.486175472;-0.335783919;-0.502165057;-0.27205107;1.20474605;1.048891344;-1.018133411;1.159305296;-0.595180846;-1.510837384
-0.095955911;0.209979947;-0.278283337;-0.279185909;-0.186239833;-0.186554975;-0.434085234;-0.288408157;0.078320333;0.6401718;-0.234906234;-0.364302152;-0.437603058
-0.511893186;-0.7959608;-0.825256962;-0.697776394;-1.091581754;0.400139285;-0.395959549;-0.830620565;-1.185825411;-1.344646796;-0.839800696;1.958823994;0.976196532
0.664730589;0.799087125;0.605531681;0.434571727;1.289924292;-0.68943577;-0.273321926;0.168274971;0.268119565;-0.396917592;0.16560595;-0.633634586;-0.418600651
1.511128265;1.7985018;1.481777994;0.721505028;0.793253344;-0.695983697;-0.259342508;0.544594852;0.306561801;-0.40383171;0.543952011;-0.943999328;-0.834761153
0.290931511;1.074200413;0.301137595;0.21760629;1.012040538;-0.647529037;-0.340677304;0.15313772;0.33307177;1.458910202;0.215089257;-0.250775005;-0.828498347
-0.75615405;-0.933873684;-0.981065509;-0.804960468;-1.11392648;0.542884094;-0.012160978;-0.890899056;-1.201797466;-0.700753878;-0.888680559;1.978550117;-0.35556187
-0.709176409;-0.531528468;-0.603436527;-0.827839448;-0.417995847;-0.032023898;-0.273957354;-0.599452536;-0.340262753;1.394069344;-0.66319643;-0.954449795;1.341532256
0.833160648;0.805828606;1.506780814;1.665696256;-0.206138867;-0.365968175;-0.048380379;1.418528497;1.470540492;-0.778018539;1.181066037;-0.758484534;0.2435969
0.835039578;0.586959609;1.133862924;1.167180808;0.285608264;-0.576811425;-0.202153979;1.522840679;1.73761259;-1.213842398;1.470240541;-0.44868965;-0.295467806
1.59336762;1.398062365;1.2544261;1.340662774;1.324457545;-0.90027902;-0.355927578;0.917541844;0.533789096;-1.142603557;0.849795043;-0.434537611;-0.27141692
0.081602149;0.337185208;-0.069183241;0.021404261;0.811932801;-0.583359352;-0.678089624;-0.214020879;0.07910775;0.276766421;-0.122645958;-0.494224006;-0.47506635
-0.679397772;-0.699713439;-0.812547356;-0.717174114;-1.008627375;0.491810263;-0.458231502;-0.824288437;-1.18322083;0.153605476;-0.842832096;1.895217942;2.152846417
1.561383039;1.536166078;1.42050091;0.916505253;0.950903766;-0.808608041;-0.380073846;0.672404621;0.371201316;-0.88649248;0.638165233;-0.761684764;-0.440445557
-0.869338378;-0.592146389;-0.480667588;-0.793771768;0.041320858;-0.096193582;-0.012160978;-0.511970264;-0.289169631;2.855755431;-0.537359326;-0.482196819;0.798843708
-0.903570079;-1.0645576;-1.010139037;-0.748602294;0.285688966;-0.109289436;-0.413751535;-0.910584763;-1.218117749;-0.424423645;-0.907415222;1.537554122;-0.35786711
0.874473315;0.86429992;0.112117457;0.034643974;0.312702798;-0.550619717;-0.31208304;-0.110416404;0.201135391;-0.752932909;0.038109688;-0.497782696;-1.353597945
-0.804383978;-0.55973707;-0.493281079;-0.777358694;0.64375417;-0.415732421;-0.116371186;-0.505556664;-0.253914818;2.231454516;-0.520992578;-0.487193525;0.553257494
1.86265423;1.618556318;1.253593755;1.476158779;1.575467053;-0.853133945;-0.361011003;0.979298778;0.564880331;-1.217220877;0.934964494;-0.352533156;-0.23040593
-0.45907847;-0.322897523;-0.44903799;-0.613729539;1.676257458;-0.782416333;-0.366729856;-0.457129837;-0.141316189;0.553470422;-0.43041162;-0.534933784;-0.84138589
-0.805925699;-0.891166522;-0.82435436;-0.690694687;-1.061838545;0.49835819;-0.317166464;-0.827825729;-1.184732698;-0.025138793;-0.841889619;1.969796691;1.863651189
1.053475153;1.052280181;1.475609103;1.585796123;-0.184963327;-0.385611956;-0.146236306;1.381445908;1.440879564;-0.771510076;1.158165156;-0.711828008;0.08635188
1.452577817;1.759273293;1.267268168;0.785885991;0.869852939;-0.637052354;-0.078880928;0.409854987;0.274354427;-0.356964053;0.36695732;-0.905376802;-0.3147577
0.52967352;0.69814406;1.691359908;1.85412132;0.55966907;-0.807298456;-0.701600463;1.988094764;1.715919628;-0.262162873;2.151685525;-0.467242633;-0.962600185
1.709766318;1.810871878;1.37494013;0.857060627;0.87792917;-0.766701308;-0.443616656;0.685009815;0.373749152;-0.722531716;0.700786366;-0.722764776;-0.924997593
-1.254150383;-1.35448715;-1.16719415;-0.723759208;-0.715877224;0.345136698;-0.587858834;-0.969008531;-1.244708416;2.210285872;-0.941651523;2.085510523;-1.820804525
-0.850099337;-0.710506685;-0.605534466;-0.820454807;-0.781130558;0.121197595;0.314449064;-0.57569749;-0.265999704;1.715858252;-0.614079775;-0.792616709;0.82139638
0.07191047;0.434683576;0.009605826;0.271801713;0.848971888;-0.716937063;-0.683173049;-0.169108675;0.119892755;0.602586582;-0.047036788;-0.530420873;-0.582935172
0.566412592;0.626500191;1.238839634;1.328331863;0.18706977;-0.528356765;-0.222487678;1.600386288;1.683328755;-0.521899646;1.433572883;-0.432106104;0.118879639
-0.88308175;-0.782419504;-0.650542571;-0.746072049;0.62974949;0.159175571;-0.069349507;-0.643146206;-0.646540804;1.580257731;-0.721547954;-0.319303396;2.037490441
-0.928197651;-0.685861944;-0.618634386;-0.754673393;0.204732443;0.062266251;-0.336229307;-0.627633979;-0.570497447;3.00944866;-0.707844524;-0.56912612;2.03688557
0.920131108;1.036319725;1.695158641;1.782405376;0.580681777;-0.726104161;-0.566889707;1.916559573;1.69054924;-0.521915221;1.926794851;-0.569562287;-0.037087208
-0.253306881;-0.37430278;-0.420034962;-0.507712506;1.473462181;-0.678959086;-0.364188144;-0.439866321;-0.086771469;-0.712875394;-0.420628145;-0.625444335;-0.247266619
-0.107084172;0.182312164;-0.287003688;-0.323637777;-0.235339759;-0.142029071;-0.276499066;-0.301720646;0.046069115;0.600351689;-0.246316771;-0.344547619;-0.182342633
1.489406838;1.285461286;1.401793858;1.510042712;-0.422402012;-0.410494079;-0.230112815;1.247807577;1.089771289;-1.152367209;1.105995133;-0.638370594;-0.630028079
-1.049187133;-1.010746576;-1.023904931;-0.888244028;-0.558884729;0.715749367;0.366554168;-0.958068642;-1.227742542;2.025429007;-0.928881193;0.888940016;0.199406959
1.289020982;1.318585378;1.194860982;1.253472356;0.125906509;-0.566334742;-0.134798601;1.098641603;1.055015376;-0.76106351;0.962291501;-0.589167252;-0.512519597
-1.016006034;-1.187825053;-1.15254761;-0.808323038;-1.019059795;0.753727344;0.179738308;-0.966436148;-1.241628291;-0.329700157;-0.940364409;2.16175289;-1.489293067
-0.991160187;-1.171533833;-1.129297081;-0.850687142;-1.14678157;1.037907376;0.283948516;-0.965682357;-1.240478119;-0.458864095;-0.940350342;1.667040645;-1.151303284
-0.858695641;-0.734087497;-0.811986279;-0.903851098;-2.22407452;4.129838512;6.523852432;-0.721592195;-0.262724562;1.645840506;-0.753789111;-1.031053964;-2.288900113
-0.576256523;-0.753253638;-0.794617297;-0.76950227;-1.46235748;1.707105517;0.904126339;-0.821815945;-1.134032097;-0.80639553;-0.838905108;0.832471399;2.453436419
-1.036994079;-1.080536329;-1.016286486;-0.871223597;-0.278321484;0.396210529;0.036131558;-0.924998184;-1.221346796;1.068023264;-0.923533456;0.972043244;-0.302196131
-0.997416623;-1.16886724;-1.034536114;-0.885252926;-0.839108644;0.961951423;0.433909547;-0.960943533;-1.228327091;-0.362229508;-0.931310064;0.74081194;0.149964265
0.759322707;0.668641462;1.215604962;1.341199116;0.50084603;-0.671101574;-0.255529939;1.681592819;1.692281112;-0.891831817;1.628674036;-0.39672893;-0.065956757
1.41770768;1.314043836;1.417356417;1.554782615;-0.189322995;-0.735271259;-0.502076041;1.402399139;1.394356059;-0.9922635;1.214765009;-0.624368121;-0.460133175
-0.342893451;-0.093157157;-0.077967994;-0.402604276;-0.417085118;-0.15381534;-0.016608974;0.012773886;0.767053954;0.826552273;0.025039594;-0.509172343;-0.308339409
-0.552927412;-0.642172309;-0.398639645;-0.6756473;2.698630693;-0.830870993;-0.234560812;-0.492395075;-0.222943295;-0.381734061;-0.503892011;-0.718872694;0.10930199
1.232812999;1.44260281;1.830247115;1.871179991;0.598461952;-0.718246649;-0.610098817;2.012490045;1.720658862;-0.447902062;1.994493474;-0.593750351;-0.498893416
0.926171667;0.977465566;0.610686756;0.48325474;1.224027905;-0.879325653;-0.472846348;0.223137197;0.302290053;-0.646870419;0.271173161;-0.50332837;-0.643751941
-0.043973921;0.207541055;-0.1085818;-0.048176245;0.68935687;-0.475973349;-0.506524038;-0.234128115;0.090562582;0.397794432;-0.192105583;-0.54504668;-0.005284761
-0.808231586;-0.674696417;-0.579761532;-0.847103083;-0.461525006;-0.014999287;0.188634301;-0.540948005;-0.21555951;1.486274186;-0.53346985;-0.430039741;-0.426584079
0.976259136;0.885638918;1.695754846;2.158863178;0.099690951;-0.668482403;-0.561806282;2.30142069;1.929271572;-0.922837545;2.257568114;-0.396512517;-0.479575675
-1.026599999;-1.309905039;-1.021904571;-0.891376169;-0.652849607;0.865042103;0.446618109;-0.959137693;-1.228381847;-1.456151101;-0.929966683;0.686097183;0.146475525
-0.908867062;-0.810752061;-0.678620798;-0.84551392;-1.633400443;3.003595066;3.180229784;-0.67582064;-0.423011984;1.689824871;-0.746422785;-0.892779758;2.256632496
0.924768466;1.061842419;1.540024606;1.588130206;0.56039576;-0.826942237;-0.611369674;1.844902273;1.705818187;-0.483658862;1.79919072;-0.485397886;-0.045929188
-0.893875602;-0.962414568;-0.919517839;-0.750372721;-1.117476999;0.49835819;-0.111287761;-0.865460732;-1.19038494;0.293715414;-0.867737405;1.97503404;0.268945201
0.344166188;0.433039246;0.02772665;0.294069858;0.856187824;-0.638361939;-0.557358285;-0.15310195;0.157174829;-0.361348959;-0.024972977;-0.598515603;-0.662197739
-0.799168748;-0.7041704;-0.612852857;-0.82366293;-0.792609154;0.161794742;0.3627416;-0.577584093;-0.085142102;1.1873933;-0.61879685;-1.098999962;1.129119613
1.339172415;1.106466195;1.399840092;1.516513585;-0.210807041;-0.599074377;-0.376261278;1.357371118;1.262780365;-1.194091304;1.245978467;-0.617301711;-0.389265064
1.636729921;1.830709042;1.468589302;0.841596085;0.73597558;-0.637052354;-0.287301344;0.566835564;0.310225062;-0.574411625;0.564827667;-0.908017202;-0.795526155
0.122393913;0.106825484;-0.051744247;-0.3678761;-0.390317849;-0.117146949;-0.052192948;0.00468055;0.603305922;-0.53681986;0.07667857;-0.328774575;-1.162615979
1.494714615;1.977997711;1.569755813;0.864499896;0.835043358;-0.694674111;-0.199612266;0.448889768;0.222884435;-0.098795737;0.44007971;-1.079008964;-0.623362964
-0.718575855;-0.801516689;-0.433241974;-0.663028353;2.479202728;-0.736580844;-0.154496872;-0.492463794;-0.237697943;-0.153154316;-0.506217726;-0.583005764;0.110884407
2.063959563;1.584203094;1.497894579;1.85508475;0.41259086;-0.779797162;-0.638057654;2.256899635;2.157059644;-1.521748674;2.312812394;-0.429746456;-0.621738375
0.793996157;0.639281924;-0.077581583;-0.416896811;-0.153756687;-0.310965588;-0.191351701;-0.040939396;0.553170812;-1.025809621;0.082138842;-0.407047377;-0.798099554
0.624659414;0.453296608;1.180052706;1.250959492;0.251354975;-0.616098987;-0.255529939;1.561102607;1.78951835;-1.044423212;1.458674073;-0.472342114;-0.254504184
-0.65134715;-0.467178775;-0.421804793;-0.676481611;2.463033033;-0.892421507;-0.320979033;-0.484096997;-0.132739174;1.243557049;-0.488165304;-0.762384972;-0.023627777
0.953867891;1.212582035;1.11869873;0.682431484;1.116939716;-0.707769965;-0.19834141;0.369843495;0.316092114;-0.264605937;0.379356919;-0.829489552;-0.529554129
-0.753413012;-0.600163878;-0.488552911;-0.788363648;0.27469081;-0.189174146;-0.042661526;-0.508170845;-0.262732114;1.402201162;-0.533347937;-0.505077217;0.874560714
-0.798816949;-0.632052795;-0.571730817;-0.81072615;-0.747252852;0.322873747;0.513973487;-0.54568187;-0.227135553;1.673552023;-0.587423147;-0.550486237;1.201435178
1.513992834;1.284877969;1.143887803;1.153424616;0.134544318;-0.682887843;-0.237737952;1.084307706;1.178199069;-1.191452319;0.981388384;-0.650272444;-0.725084714
1.647077027;1.476872704;1.439790457;1.102735285;1.506872809;-0.90027902;-0.499534328;0.930508135;0.524795871;-1.107719628;0.97898345;-0.596187707;-1.086856003
0.141074872;0.645253218;0.07707944;0.32262513;0.776941379;-0.756224625;-0.758153564;-0.104597194;0.172587516;0.922527365;0.060895596;-0.559238827;-1.179867091
-0.822316363;-0.723462788;-0.655543472;-0.768876537;-0.12280924;0.584790827;0.04884012;-0.641783856;-0.502040972;1.301700018;-0.717306807;-0.71308554;2.676417752
1.126593503;1.085258443;1.323876656;1.397708757;0.126445291;-0.571573083;-0.172924286;1.485280339;1.569308064;-0.855063245;1.442874101;-0.601484381;0.059684678
1.603681745;1.246920677;1.631850654;2.035280929;0.054359613;-0.769320479;-0.744809574;2.33496147;2.038214113;-1.381716603;2.421999257;-0.375611584;-1.030930501
-0.881282775;-0.814710286;-0.651079253;-0.75106798;0.53738571;0.092386716;-0.126538035;-0.640656003;-0.594498962;1.307488037;-0.719257406;-0.472490845;2.263140222
-1.018624542;-1.146867843;-1.000959335;-0.769726739;0.235798353;-0.288702637;-0.637422226;-0.908715163;-1.214603806;0.116507469;-0.900353677;1.517819644;-0.374197388
-1.039792485;-1.096577556;-0.71277329;-0.836420928;-2.203765194;3.985784118;2.593094222;-0.680819465;-0.401179908;0.942521411;-0.755219238;-0.86097715;2.9903607
0.950114029;0.972824027;1.366789506;1.450344813;0.586167283;-0.753605454;-0.349573297;1.717595401;1.605763736;-0.706468469;1.782379039;-0.394656718;-0.990086504
0.790664854;0.876930823;1.510293886;1.623240775;0.612077757;-0.716842405;-0.49572176;1.728909304;1.586465952;-0.540794339;1.645736576;-0.497323968;-0.357420871
-0.702584564;-0.754711931;-0.841113476;-0.724434602;-1.129275831;0.601815437;-0.169747146;-0.829504047;-1.188230999;0.007033974;-0.843990265;2.118695162;1.745626505
-0.734303896;-0.597274373;-0.526400702;-0.848086377;-0.420998068;0.05702791;0.301740502;-0.530669808;-0.208162162;1.232808533;-0.571977776;-0.574580717;0.730147251
-0.94784486;-0.847001067;-0.84818792;-0.832184816;-1.460420076;2.044978551;4.942907326;-0.751929452;-0.484305884;1.933589956;-0.75055843;-1.065554625;0.806652464
-0.827313516;-0.919290751;-0.848334288;-0.799671535;-1.127710341;0.470856897;-0.130350604;-0.80437815;-0.68500445;-0.032265552;-0.776678175;-1.218351863;1.12750822
-0.208950147;-0.046026366;-0.464394658;-0.463613235;-0.337769204;-0.03988141;-0.05155752;-0.358204677;0.154275329;0.293078897;-0.358565325;-0.185961556;-0.655771154
-0.698586842;-0.909291025;-0.962159665;-0.796041291;-1.210810673;0.672533049;-0.056640945;-0.87669817;-1.198827412;-0.936134043;-0.879410523;2.155672452;-0.017576976
-0.706582287;-0.906582766;-0.9638185;-0.792316691;-1.228039582;0.680390561;-0.037578102;-0.878511094;-1.199486;-0.869027887;-0.880817205;2.098645674;0.022079021
-0.987622202;-0.891166522;-0.913882678;-0.801439479;-1.279941479;-0.100122339;-0.575150272;-0.789758571;-0.716882253;2.155292674;-0.777360416;-0.609388033;1.259287639
-0.946045884;-1.169908878;-1.070747513;-0.9181337;-1.041663197;1.257917724;0.738915033;-0.956827437;-1.231147903;-0.905418715;-0.932486988;1.080597081;0.03259231
-0.726649656;-0.658047499;-0.4260458;-0.703641399;1.855204198;-0.757534211;-0.276499066;-0.483992146;-0.230213488;0.787745265;-0.469554898;-0.531195446;-0.343062047
-0.623214175;-0.530393499;-0.63985772;-0.785180356;0.174800292;-0.118456534;-0.417564104;-0.62068054;-0.449547041;0.669325124;-0.680479866;-0.752515226;1.302707167
0.743213883;0.92844816;0.550362965;0.405981692;1.206723288;-0.800750529;-0.411845251;0.236502727;0.300958669;-0.322402955;0.284441715;-0.440990713;-0.416440708
-0.3069935;-0.118869785;-0.44484382;-0.437039451;-0.503070008;-0.046429337;-0.085870637;-0.348143266;0.078140541;0.521419861;-0.36044559;-0.078021863;0.237134198
1.620732033;1.473039476;1.342180928;1.170776289;1.374495831;-0.891111922;-0.409303539;0.909687207;0.541862888;-1.07346182;0.852868667;-0.541228964;-0.426425004
-0.831711012;-0.82741827;-0.83777141;-0.801767244;-2.105613581;2.927639112;6.141324717;-0.733815796;-0.153207615;0.663801218;-0.746148482;-1.288050887;1.296489897
-0.761823621;-0.703428129;-0.478091271;-0.795276507;-0.050845284;-0.046429337;0.025964708;-0.512259312;-0.289570694;0.823238785;-0.544793642;-0.491967968;0.939750538
1.917522976;1.669159097;1.403293397;1.082597611;1.517357584;-0.832180579;-0.439804087;0.869196936;0.499644877;-1.223352911;0.884483733;-0.622598385;-0.573318256
-0.941549845;-0.86254814;-0.629953497;-0.815900862;-1.119646383;0.525859484;0.741456746;-0.560925594;-0.103427348;1.706971773;-0.598866507;-0.672845352;1.152711377
0.13268785;0.375336662;-0.045878313;0.125390144;0.869586998;-0.671101574;-0.800091819;-0.194044707;0.108025353;0.191556907;-0.088730849;-0.544543667;-0.232450518
-0.521687606;-0.78283616;-0.819060724;-0.79568373;-1.013703038;1.141364623;-0.140517453;-0.823647289;-1.148517061;-1.235647474;-0.841303501;1.31496177;2.133773508
-0.981745549;-1.099764968;-1.01494722;-0.863838459;-0.331921574;0.278347843;-0.441710372;-0.921238438;-1.21983896;0.108937851;-0.919892494;1.053042508;-0.328858507
0.299420676;0.407324952;0.08923602;0.112761265;0.341935049;-0.465496666;-0.321614461;0.059067569;0.392929197;-0.290117593;0.105179805;-0.253624297;-0.604798274
1.056273559;0.999948283;1.393096194;1.484998498;-0.028058997;-0.506093813;-0.169111718;1.441776505;1.479137139;-0.871248829;1.25498468;-0.639376619;0.191992907
-0.939149813;-0.997851096;-1.025566206;-0.816978513;-0.275225075;-0.126314047;-0.407397254;-0.90804426;-1.211336424;0.509895594;-0.899844927;1.959787405;-0.868902073
-0.279369835;-0.256362056;-0.425441545;-0.544263254;1.518051697;-0.841347676;-0.606921677;-0.431301866;-0.08850493;-0.150776432;-0.417631912;-0.57000681;-0.822540738
1.307990177;1.105492116;1.805157718;1.859698288;0.582945842;-0.753605454;-0.662203921;2.004656238;1.725465052;-1.144114199;2.037705767;-0.588363435;-0.41326705
2.013868096;1.417416001;0.949210402;1.24858568;1.361908742;-1.194935735;-0.654578784;0.996406081;0.730500675;-1.678016077;1.068856143;-0.054079457;-1.091291529
-0.939289733;-1.061411853;-1.026205345;-0.791795246;0.052947514;-0.134171559;-0.454418934;-0.910562093;-1.212867404;-0.034943294;-0.902967762;1.871933965;-0.509651528
-1.028678815;-1.174492086;-1.071406168;-0.835535467;-1.267683242;1.479237657;0.567349447;-0.967848089;-1.236865659;-0.034200297;-0.939370354;0.511692119;-0.647382079
1.284303669;1.258441194;1.736723687;1.808656361;0.573294497;-0.768010894;-0.631703373;1.957867648;1.69832;-0.85172303;1.997047165;-0.556862467;0.008125019
-1.108533329;-1.354695477;-1.183158;-0.724945618;-0.786535626;0.397520114;-0.537024586;-0.969364173;-1.24401436;-1.035023751;-0.944500055;2.760800183;-1.436704743
-1.029998064;-1.23886532;-1.062677767;-0.900846587;-1.006031689;1.180652185;0.653767668;-0.962739454;-1.230410783;-0.685098749;-0.932747225;0.903262511;-0.102693658
-0.666078559;-0.499603927;-0.610462182;-0.839693611;-0.37932306;-0.021547214;-0.291749341;-0.604837466;-0.365948391;1.188976702;-0.668630912;-0.940724731;1.466320193
-0.808503031;-0.697771826;-0.454871235;-0.734540685;1.637563787;-0.713008307;-0.286665916;-0.498477829;-0.2327149;1.330236016;-0.468338118;-0.497177744;-1.114357233
0.170267444;0.102364565;-0.29717186;-0.187332292;0.011860435;-0.286083466;-0.512878318;-0.258301854;0.094121284;-0.702579877;-0.215140004;-0.187787276;-0.141833606
-0.992939173;-1.0609327;-1.012132079;-0.783358281;0.106343868;-0.009760946;-0.299374478;-0.912847553;-1.218799379;0.619561478;-0.909504145;1.44608768;-0.070455673
-0.046900054;0.381348581;0.208005701;0.184447412;0.611527283;-0.627885256;-0.401678401;0.085067693;0.373862448;0.966220905;0.155721569;-0.333250721;-0.752238525
0.186063246;0.487068598;0.294778157;0.158747668;0.974440318;-0.574192254;-0.263155076;0.103360588;0.338775872;0.305562697;0.166411744;-0.369759256;-0.637011173
-1.02356173;-1.078369722;-1.014820368;-0.833753618;-0.297681349;0.269180745;-0.52558688;-0.918158805;-1.219536612;0.882873788;-0.914404088;1.212276973;-0.140817907
0.126938924;0.382641462;0.093079639;-0.034464749;0.22884861;-0.386921542;-0.117006614;0.067898401;0.434776249;0.233911871;0.137246439;-0.323533049;-0.639152399
-0.738963842;-0.827834926;-0.907637651;-0.756282421;-1.142516707;0.651579683;0.03867327;-0.846306362;-1.191267083;-0.159643876;-0.854317657;2.476512727;1.369988173
-0.15276775;-0.222865891;-0.525754976;-0.453844849;0.954469346;-0.715627478;-0.459502358;-0.405449808;0.011607483;-0.577534555;-0.382056918;-0.24456756;-0.444642907
1.423524576;1.51707296;1.76233586;2.032544589;0.924265108;-0.840038091;-0.748622143;2.151140765;1.825343671;-0.68293379;2.196896808;-0.529109029;-0.559813524
0.901894896;0.972305083;0.138858127;0.125608654;0.723695687;-0.7405096;-0.26506136;-0.094469898;0.18660175;-0.604124237;0.067910251;-0.535148525;-1.184065721
1.758580512;1.458282797;1.286620678;0.923403213;1.663470599;-0.910755703;-0.46903378;0.773854833;0.453820219;-1.295532454;0.832956892;-0.603813949;-0.654887179
-0.918261711;-0.87470864;-0.651567146;-0.712222878;-1.324974407;2.047597722;1.12398446;-0.650732291;-0.637116397;1.288802458;-0.745815567;-0.304035872;2.74301441
-1.079369941;-1.198033107;-1.103141151;-0.850779015;-0.970122837;1.115172915;0.484743794;-0.964380934;-1.23924705;0.441255756;-0.940282353;1.185928962;-0.561529377
-0.690646964;-0.566277515;-0.575811064;-0.81433653;-0.651557908;0.311087478;0.519056912;-0.547258171;-0.256402877;1.0197025;-0.58169795;-0.452807336;0.95583988
0.208978193;0.539327582;0.102032958;0.121849291;0.434204846;-0.513951326;-0.319072749;0.078729189;0.42277009;0.363904191;0.154844526;-0.270107575;-0.460461248
-0.528283849;-0.802835611;-0.823988441;-0.71211859;-1.044187925;0.569075802;-0.350208726;-0.827601858;-1.18432531;-1.30041482;-0.845218767;1.961760185;1.593158961
0.99975975;1.226542069;0.672237352;0.489512069;1.207177037;-0.77193965;-0.354656722;0.231965365;0.328542857;-0.341575919;0.308096038;-0.588447827;-0.982750177
-0.799417007;-0.696029999;-0.611023259;-0.863089069;-0.839713097;0.309777892;0.377991874;-0.58043348;-0.086638588;1.245323515;-0.632500279;-1.155586395;1.792445393
-0.955692589;-0.93670444;-0.633993249;-0.846303535;-1.159098774;0.41585431;0.602933421;-0.559981938;-0.101202107;1.255921092;-0.603260044;-0.687058388;1.249108551
1.61176634;1.637007687;1.376145337;1.0758536;1.691625176;-0.840038091;-0.31526018;0.82875173;0.483605441;-0.817888492;0.870686736;-0.655843186;-0.726205181
1.7816004;1.247420663;1.263699306;1.362692545;-0.027672883;-0.489069203;-0.104298052;1.164717732;1.013035339;-1.622105017;1.069991524;-0.57562685;-0.553838875
-0.222330526;-0.296840113;-0.422799362;-0.504563977;1.334341706;-0.727413746;-0.413751535;-0.422649563;-0.035776752;-0.55648422;-0.430453821;-0.621675916;-0.170626213
0.842855126;0.892409565;1.169944544;1.056659492;0.270695757;-0.536214278;-0.162757437;1.529323069;1.905452068;-0.628814679;1.498017756;-0.603442121;-0.033350332
-1.130360895;-1.365528513;-1.170770404;-0.730942225;-0.82596682;0.35037504;-0.079516356;-0.968302914;-1.243199847;-0.873499106;-0.939841592;2.379166383;-1.598045597
-0.782283566;-0.574366043;-0.611999044;-0.851756351;-0.869050796;0.245608208;0.174654883;-0.581790162;-0.221187583;1.875970975;-0.646384233;-0.981620006;1.684700276
-0.981605629;-1.059620236;-1.013676259;-0.809496039;-0.029152475;0.046551227;-0.261248792;-0.914930397;-1.219122702;0.482469568;-0.910746715;1.377220048;-0.232385549
1.266034075;1.65909479;1.035464772;0.798221869;0.973153821;-0.779797162;-0.371177853;0.406145018;0.346143485;-0.153038596;0.425122036;-0.743129274;-0.812061914
1.435537523;1.434936354;1.191225011;1.327000939;0.00103753;-0.51002257;-0.077610072;1.113465585;0.99521615;-0.832551699;1.00676608;-0.521674132;-0.673385418
1.665566495;1.544162525;1.054707889;1.199048491;0.670280093;-0.697293282;-0.236467096;1.030142851;0.941697099;-1.037768761;1.013023026;-0.387437398;-0.554409675
-0.122243137;0.070017744;-0.256000055;-0.168311998;0.347135949;-0.507403399;-0.638693082;-0.242701071;0.112856998;0.293164239;-0.207206316;-0.223962418;-0.047642326
-0.773505566;-0.664345659;-0.613926221;-0.839435372;-0.82114438;0.222035671;0.394513005;-0.579654185;-0.143636126;1.190226905;-0.62899764;-1.047054283;1.478721084
-0.917014621;-0.751520352;-0.628331254;-0.801692752;-1.072537552;0.604434608;0.853292091;-0.562327617;-0.173488455;2.289117546;-0.604657349;-0.560854818;1.048731248
-0.831111353;-0.979914088;-0.948815798;-0.7536752;-1.118798711;0.263942403;-0.293020197;-0.868042325;-1.192162555;-0.43059062;-0.871903529;2.290120585;0.543035098
-0.909866493;-0.726171047;-0.64654185;-0.704823338;0.310574518;-0.114527778;-0.415022391;-0.640121123;-0.615510214;2.392092231;-0.702046649;-0.334280978;0.396417748
1.00808101;0.925721152;1.458256222;1.633808709;0.59106907;-0.672411159;-0.452512649;1.744809039;1.65432247;-0.911789753;1.668014061;-0.504118819;-0.292312417
1.61053784;1.001635737;1.720636156;2.164822539;0.131448962;-0.747057527;-0.613911386;2.334714388;1.9469111;-1.753468514;2.409224496;-0.41375115;-0.633130152
0.473536096;0.536802026;0.082079609;0.310761035;0.803544468;-0.705150795;-0.496357188;-0.136855768;0.137499227;-0.479988572;-0.053151167;-0.538501665;-0.652656497
-0.729968966;-0.890541539;-0.920078916;-0.731153782;-1.155451821;0.654198853;0.036131558;-0.860066592;-1.190890151;-0.614390145;-0.868614237;2.162311051;0.84085484
1.529024272;1.171464413;1.617723476;2.203369673;0.086637358;-0.722175405;-0.643141078;2.284771636;1.947932348;-1.386398551;2.235430875;-0.338064436;-0.638645754
0.865676126;1.244708237;0.927927789;0.7643578;1.105296928;-0.676339916;-0.268238501;0.290561258;0.313247825;0.006574149;0.308222874;-0.776371568;-0.583060581
-0.719774772;-0.71367139;-0.887097367;-0.841496317;-1.298113107;1.323396994;0.52286948;-0.814422558;-1.049079365;0.389456274;-0.810572184;0.543355187;1.497882991
1.087155968;1.303106636;1.845258111;1.889450398;0.624252751;-0.75491504;-0.638057654;2.049322076;1.740540062;-0.391650551;2.0638208;-0.61568739;-0.398111502
-0.674800391;-0.789294316;-0.850334649;-0.841501284;-1.494352504;1.784371056;0.648684244;-0.821580031;-1.109671706;-0.394085635;-0.830469704;0.875133902;1.522692946
-1.058381896;-1.227198974;-1.080517565;-0.891520187;-1.310437202;1.253988968;0.365283312;-0.964631017;-1.233219732;-0.201852351;-0.936458521;0.96470026;-0.027655178
1.623990177;1.355084377;1.022498479;1.102482012;0.901091628;-0.68943577;-0.133527744;1.03251441;1.007497623;-1.251725226;1.040086913;-0.434911946;-0.461946667
1.670223842;1.481476744;1.315301697;1.381777399;0.062455341;-0.548000546;-0.179278567;1.234474416;1.102533621;-1.135554543;1.222962426;-0.629027256;-0.344167586
0.791504376;0.730252385;1.311995736;1.365284867;0.273306545;-0.593836035;-0.245363089;1.628706575;1.649724225;-0.837655208;1.502001433;-0.460471179;0.23091221
-0.993019128;-1.136159804;-1.028920468;-0.892805423;-0.634856202;0.812658687;0.408492423;-0.958661615;-1.228290367;-0.099411486;-0.929476688;0.886990632;0.240417145
1.064888651;1.081341884;1.407708338;1.516026904;0.686595321;-0.769320479;-0.610098817;1.804402278;1.732016208;-0.741979316;1.778630184;-0.439397282;-0.265417155
-0.904149949;-0.762097145;-0.613877431;-0.850420461;-1.031429898;0.510144459;0.700789348;-0.557112006;-0.154589406;2.019496383;-0.595771806;-0.866288029;0.978010088
-0.600042974;-0.661381157;-0.795568688;-0.682798533;-0.962152363;0.385733846;-0.490002907;-0.818503232;-1.173149871;-0.188877316;-0.831848252;1.69693899;2.234847732
-0.825840156;-0.624526334;-0.491161917;-0.824944192;-0.185587931;0.013811591;0.097132655;-0.51799705;-0.244501685;2.040891349;-0.565293691;-0.601559583;1.174171883
1.621865388;1.804759545;1.113036198;1.081624248;0.297736197;-0.646219451;-0.207237404;1.1154071;1.153622087;-0.587494805;1.085495975;-0.557250172;-0.935183079
-0.868344544;-0.848866849;-0.627879953;-0.852123845;-1.101701251;0.426330993;0.657580237;-0.55326583;-0.133366207;0.895444365;-0.592442658;-0.781133478;0.519419199
0.536043891;0.881764024;0.508063396;0.348016974;1.24565868;-0.711698722;-0.302551618;0.192943734;0.30096686;0.136537895;0.210824571;-0.514827477;-0.439537569
-1.026639977;-1.289488932;-1.078234227;-0.838317992;-1.174908023;1.582694904;1.159568434;-0.965614346;-1.238438978;-1.245440368;-0.93898586;0.539433024;-1.201589482
-0.750157466;-0.882416762;-0.907222942;-0.774796169;-1.170480074;0.597886681;-0.047744951;-0.85024322;-1.190140112;-0.417455755;-0.858931574;2.299795643;1.302621754
2.063017893;1.646746781;1.686973752;1.930540193;0.966894414;-0.853133945;-0.662203921;2.155273049;1.85386168;-1.440149513;2.2988616;-0.48187429;-0.915936057
-0.382247834;-0.417853252;-0.431010841;-0.521811361;1.513570806;-0.884563995;-0.576421128;-0.438703755;-0.090287476;-0.292600209;-0.426008705;-0.560062698;-0.410813595
-0.632320988;-0.480532783;-0.435031077;-0.555417191;1.635395862;-0.83741892;-0.514149175;-0.454087752;-0.140868518;1.010841191;-0.423282086;-0.547203285;-0.738526681
-0.260790418;0.032702309;-0.338233401;-0.255040565;-0.109824088;-0.292631393;-0.564983422;-0.275512945;0.078931145;0.850482316;-0.205862935;-0.073899999;-0.593639183
-1.019803871;-1.039912443;-1.01453983;-0.899156115;-0.617931388;0.659437195;0.296657078;-0.947701889;-1.227272351;1.217038157;-0.927408866;0.820475964;0.210646463
-0.856097121;-1.018871353;-0.984595413;-0.834176732;-1.073226282;0.341207942;-0.198976838;-0.893233399;-1.202567832;-0.501202757;-0.889571458;1.986630908;-0.583649953
-0.876881282;-0.746706525;-0.607583615;-0.779409708;0.165077;-0.064763533;-0.514149175;-0.623296846;-0.533058681;1.777569841;-0.695636867;-0.704052199;1.871609785
-0.916642633;-0.981747371;-1.010026822;-0.787589427;-0.403692853;-0.00583219;-0.370542425;-0.905686538;-1.210560087;0.385511576;-0.896726782;1.80684812;-0.859847441
0.364797436;0.465408775;0.385484736;0.25556742;1.16469271;-0.736580844;-0.339406448;0.146200745;0.335043232;-0.342171924;0.169847449;-0.470281599;-0.58630285
-1.023002049;-1.223240749;-1.073521183;-0.869030552;-1.25693106;1.632459149;0.57624544;-0.966123013;-1.23624935;-0.60570869;-0.936549956;0.716998211;-0.468298519
-0.942108127;-1.109035547;-1.015742485;-0.862038235;-0.310372908;0.373947577;-0.11510033;-0.9233312;-1.220811084;-0.415776587;-0.920246509;0.997109491;-0.353930109
1.644995212;1.933699759;1.607467605;0.890125148;0.80439089;-0.745747942;-0.327968742;0.480007496;0.243827236;-0.437954901;0.497321432;-1.081060287;-0.696505045
-0.755354506;-0.906166111;-0.918786;-0.750124415;-1.134612208;0.766823198;0.174654883;-0.86400345;-1.19103768;-0.529754438;-0.869608293;2.033763708;0.345560131
-1.098219204;-1.180325259;-1.144929165;-0.834156868;-1.124332017;0.828373712;0.191176013;-0.966152059;-1.241011265;0.976766887;-0.941372531;1.996547446;-1.139187753
1.063349728;0.916559736;0.165957397;0.103459696;0.561318524;-0.739200015;-0.334958451;-0.109567681;0.181691664;-1.034638423;0.051203555;-0.579077752;-1.235481362
-0.656018689;-0.62202557;-0.525524691;-0.842732885;-0.318057113;0.113340082;0.384346155;-0.523831847;-0.211043917;0.417350036;-0.568653317;-0.563806885;0.967522467
-0.77112852;-0.634806053;-0.615438688;-0.815369485;0.198677936;-0.147267413;-0.595483971;-0.619563314;-0.460678234;1.359078305;-0.688936371;-0.808241022;1.894814266
0.825584963;0.911284048;1.494820611;1.651915234;0.671754189;-0.718246649;-0.532576589;1.757432875;1.598836342;-0.552601185;1.684982471;-0.470823884;-0.253695373
-1.01880444;-1.234698768;-1.072830815;-0.843537399;-1.327132219;1.751631421;0.61310027;-0.966945524;-1.236637618;-0.770126023;-0.93914294;0.594891438;-0.386204417
-0.7128805;-0.530363083;-0.642955839;-0.796562735;0.102075069;-0.207508342;-0.326062458;-0.621117653;-0.413736479;1.436317223;-0.676008961;-0.793639446;1.445433574
1.774002927;1.805225158;1.383976747;1.005826142;1.231871205;-0.766701308;-0.283488775;0.708781155;0.385149584;-0.830754065;0.680210965;-0.72965154;-0.309594496
0.695434235;0.713486432;0.125195353;0.143447523;0.862059238;-0.737544517;-0.344951987;-0.135590662;0.162814139;-0.615846497;-0.028830244;-0.666317557;-0.74812351
0.75995843;0.933019295;0.090673694;-0.081944373;0.051159277;-0.496217342;-0.307609014;-0.075895264;0.239481793;-0.345334904;0.103151861;-0.397985168;-1.789724078
-0.975873342;-0.887340439;-0.911495962;-0.802944107;-1.287994259;-0.029345146;-0.529185892;-0.790953711;-0.731634512;2.059543949;-0.779355077;-0.553632839;1.26918053
-0.681182613;-0.702845764;-0.814417971;-0.717769025;-1.012263423;0.49550723;-0.446571692;-0.824669668;-1.183411386;0.148634519;-0.843148631;1.908284506;2.136702837
-0.608413013;-0.795429945;-0.83839705;-0.782877338;-1.290380683;1.2337147;0.196080845;-0.824308551;-1.143497627;-0.80474792;-0.837152578;1.367489704;1.55462145
-0.702477922;-0.76596962;-0.853624039;-0.722844935;-1.085033744;0.554488966;-0.183299606;-0.832066683;-1.185277048;-0.054442476;-0.847713495;2.161816256;1.781887981
-0.712593669;-0.771114955;-0.86554074;-0.738968994;-1.083243284;0.580849027;-0.181308755;-0.836558925;-1.18770497;-0.020966949;-0.849232946;2.219170856;1.716563114
0.371333965;0.646828811;0.08210184;0.21189297;0.84550781;-0.741899697;-0.487815001;-0.151207453;0.146902879;0.134344783;-0.038747686;-0.622340788;-0.634538627
0.844241387;0.939933224;0.136950362;0.133804299;0.743804339;-0.743370974;-0.281935473;-0.102121533;0.182772719;-0.529297996;0.05085652;-0.559479287;-1.097137295
1.032402454;0.869868509;0.158881121;0.103460499;0.613874892;-0.734751992;-0.332286345;-0.112855434;0.178428139;-1.062455901;0.039247266;-0.590344969;-1.173650919
0.113343529;0.560825699;0.050026016;0.302247572;0.805821882;-0.740472348;-0.728090261;-0.130462956;0.151459646;0.794247683;0.0176203;-0.54768432;-0.940528311
-0.706890416;-0.741313357;-0.815112843;-0.711420527;-1.020189374;0.493233031;-0.42758016;-0.825057038;-1.183549337;0.114766995;-0.84262731;1.911422799;2.09000858
0.873102166;0.970728706;0.130193398;0.08674361;0.605161273;-0.700038007;-0.271222098;-0.089458202;0.197053937;-0.538970062;0.07738998;-0.508015867;-1.303583629
-0.738408586;-0.817500912;-0.894094358;-0.748456589;-1.136408276;0.635988923;-0.007724427;-0.842499174;-1.19053843;-0.099622697;-0.853853401;2.414819039;1.47187566
0.735321429;0.900700549;0.125332339;0.16874332;0.735353266;-0.743950238;-0.373018663;-0.096687162;0.183533482;-0.269880078;0.066374467;-0.540422841;-1.183146475
-0.714308194;-0.813025191;-0.88561822;-0.789028887;-1.277714229;1.086869634;0.273077992;-0.836804945;-1.159912988;-0.249731198;-0.845153768;1.861161897;1.428666986
-0.979419013;-0.886303071;-0.91137854;-0.798928421;-1.273215411;-0.0898391;-0.573348112;-0.790366957;-0.726539244;2.105677868;-0.778513661;-0.56057418;1.279935555
0.752417033;0.93754482;0.089261511;-0.089622318;0.033935285;-0.492634665;-0.307314377;-0.073621868;0.242007101;-0.318492471;0.107435224;-0.391412985;-1.818445235
0.896633634;0.91167116;0.135926669;0.121710379;0.752314686;-0.735437672;-0.274457778;-0.100706251;0.182185232;-0.710190406;0.051955519;-0.555145559;-1.125818586
-0.608203203;-0.78077022;-0.831840512;-0.717765656;-1.083201939;0.58408739;-0.267464528;-0.828474039;-1.186116124;-0.700930974;-0.844655481;2.033717101;1.663067496
0.615014074;0.533014723;0.076206203;0.196266004;0.871620961;-0.675992707;-0.434762513;-0.141194062;0.159401306;-0.795081182;-0.023816893;-0.624287316;-0.760202924
0.343295421;0.71032774;0.101487579;0.250867095;0.809078828;-0.756858492;-0.568081192;-0.121730772;0.168343743;0.399082865;0.01517901;-0.617647049;-0.931560327
0.783500492;0.921411167;0.129244486;0.156267217;0.731981473;-0.742955082;-0.341793512;-0.096045849;0.184420936;-0.366555561;0.066818671;-0.538897318;-1.183412354
-0.540828341;-0.778107407;-0.819020273;-0.706993036;-1.029846969;0.537025081;-0.374646691;-0.826011292;-1.182371688;-1.10610262;-0.842881415;1.91546576;1.705335074
-0.736930752;-0.825398896;-0.905997536;-0.755206993;-1.139877097;0.647689062;0.03093616;-0.845899467;-1.19100194;-0.160071704;-0.85398882;2.465103763;1.382645285
-0.688194692;-0.715151683;-0.82176703;-0.720106244;-1.026548309;0.510031449;-0.400763966;-0.826167406;-1.184160021;0.129105193;-0.844392196;1.959618926;2.073279789
-0.620462981;-0.671245028;-0.799937731;-0.691644244;-0.974111565;0.413030005;-0.481827317;-0.819991912;-1.175741385;-0.100747787;-0.834674675;1.747961205;2.213746709
-0.710999974;-0.755174045;-0.845668268;-0.727707547;-1.073006836;0.557268353;-0.251784171;-0.831038476;-1.186594794;0.065590252;-0.848436625;2.126573107;1.867009938
-0.6427924;-0.700290608;-0.814556238;-0.700156544;-1.03182587;0.475817917;-0.35648879;-0.823089454;-1.179437169;-0.107202211;-0.836910238;1.872768466;2.030892182
-0.690106584;-0.801185809;-0.847301982;-0.823897703;-1.443865361;1.634255403;0.535940963;-0.822309088;-1.118433539;-0.35101865;-0.831802745;1.002913354;1.562492835
0.938441815;0.881999229;0.130351922;0.057950423;0.396903756;-0.614487929;-0.319830464;-0.11012896;0.194550206;-0.848340688;0.042544307;-0.525315635;-1.313594323
0.892352175;0.869246784;0.117213894;0.041158005;0.336236524;-0.568470547;-0.314248404;-0.110336065;0.199294866;-0.779598882;0.039349141;-0.505478008;-1.342417142
-0.569919327;-0.798987593;-0.831475219;-0.748885157;-1.172110801;0.914425194;-0.066354182;-0.825890641;-1.163111061;-1.042864046;-0.841027539;1.652974542;1.573134695
-0.742834279;-0.808683292;-0.869720406;-0.733026209;-1.122091363;0.603509477;-0.096662819;-0.836027486;-1.189068766;-0.009685644;-0.852279927;2.293972747;1.644999735
-0.738675676;-0.822471785;-0.900608961;-0.752220975;-1.139346557;0.643488399;0.014593819;-0.84433051;-1.190888927;-0.128494118;-0.854076717;2.444494971;1.422865684
0.890207166;0.926270715;0.127460618;0.086837346;0.548520749;-0.659574019;-0.285103118;-0.101266678;0.192796333;-0.66755003;0.055208543;-0.51922232;-1.256324384
-0.695771553;-0.738551639;-0.832719848;-0.722301242;-1.093825507;0.569492446;-0.254512953;-0.827971536;-1.186758853;0.050101306;-0.843649958;2.053030503;1.865280565
-0.722957954;-0.765625616;-0.816612192;-0.708057955;-1.026946558;0.49406454;-0.409666582;-0.825506232;-1.183741326;0.092068604;-0.842507626;1.920893411;2.053284234
-0.698029944;-0.743908486;-0.835502186;-0.723008413;-1.105576655;0.580206939;-0.226414605;-0.828479536;-1.187246843;0.035825256;-0.843762764;2.074797163;1.825617385
0.658109172;0.897908079;0.097763313;-0.023711802;0.258070946;-0.573162043;-0.326706826;-0.088995665;0.223363771;-0.168729103;0.072872536;-0.469790874;-1.514272438
-0.61289305;-0.674501384;-0.802851512;-0.687822203;-0.977567367;0.406903536;-0.45152814;-0.820204715;-1.174671179;-0.172012974;-0.833838487;1.755256082;2.178025647
-0.586646699;-0.687788429;-0.800874199;-0.688272116;-0.977467083;0.41996084;-0.463905582;-0.820201799;-1.175236146;-0.39638349;-0.834344312;1.746376847;2.115054759
-0.689015199;-0.800539063;-0.863128815;-0.728217848;-1.119477611;0.566650985;-0.146596366;-0.835401945;-1.188655264;-0.295867185;-0.850276367;2.243122493;1.486784187
-0.586914819;-0.779732706;-0.831495217;-0.708264243;-1.106411324;0.479482538;-0.306963266;-0.830181306;-1.186771815;-0.812869747;-0.841448952;2.021720367;1.278904989
-0.538008704;-0.78366559;-0.820136973;-0.708145112;-1.0330704;0.544229152;-0.369153746;-0.826368805;-1.182810806;-1.149778361;-0.843406784;1.925871403;1.680121141
-0.738101976;-0.8117945;-0.886615793;-0.744135188;-1.133035219;0.627379753;-0.033345095;-0.840396856;-1.19013607;-0.066479183;-0.85359704;2.38075197;1.528137623
-0.694364275;-0.725979055;-0.828233105;-0.722162648;-1.039116876;0.522810593;-0.360460007;-0.827485191;-1.184818707;0.111922302;-0.845486348;2.004785551;2.017476976
0.546613285;0.611098011;0.091765915;0.279174394;0.789922419;-0.711182939;-0.456898564;-0.12962482;0.145876023;-0.501165879;-0.032498321;-0.537929626;-0.743313891
-0.722049246;-0.817674954;-0.892531588;-0.778747587;-1.235266708;0.950203081;0.199482714;-0.839788074;-1.16975713;-0.221446778;-0.848030924;2.054361571;1.410243792
0.717818358;0.702633772;0.124816409;0.13837894;0.86512774;-0.734268075;-0.341590753;-0.13486866;0.16264931;-0.690739289;-0.028055648;-0.664089377;-0.761443342
0.816626256;0.899013431;0.101285165;-0.024250492;0.180584396;-0.523138421;-0.309822991;-0.092978091;0.220506031;-0.547035257;0.070965665;-0.447370092;-1.573906547
0.679222389;0.923056645;0.091435389;-0.065853216;0.133557494;-0.533937543;-0.318462444;-0.078145613;0.236031537;-0.170815345;0.095514833;-0.425088428;-1.694556583
0.357658312;0.443860776;0.033395177;0.295810599;0.850697593;-0.645327419;-0.550996417;-0.151407618;0.15512284;-0.373722009;-0.02791171;-0.592256686;-0.661202673
0.875407123;0.8679779;0.113028077;0.037741663;0.326698646;-0.557086179;-0.310481775;-0.109873366;0.200640466;-0.747865416;0.039124509;-0.499055142;-1.347824737
-0.695140305;-0.801511749;-0.86849979;-0.814486771;-1.382820007;1.425274421;0.455309812;-0.829418317;-1.135537568;-0.319767231;-0.838029542;1.382773492;1.474285294
-0.738775723;-0.824333788;-0.903049218;-0.753631049;-1.140447186;0.646297573;0.022953848;-0.845016496;-1.191020217;-0.139308852;-0.854160368;2.455611061;1.404507396
0.820902471;0.94783119;0.107817301;-0.058210861;0.133642259;-0.55584181;-0.314798256;-0.076336953;0.232665562;-0.441068018;0.105886301;-0.42524789;-1.744167306
0.3495904;0.441797237;0.030247503;0.291045796;0.855863192;-0.641372701;-0.552510152;-0.152770832;0.157342706;-0.356234877;-0.02518982;-0.600571991;-0.662315494
0.575743158;0.789174198;0.128065708;0.171972248;0.837452369;-0.756696682;-0.360519922;-0.137755975;0.164940533;-0.180824611;-0.028564431;-0.672790113;-0.69230281
-0.525257693;-0.801566337;-0.824222644;-0.709470635;-1.052938098;0.537885587;-0.358655555;-0.828159193;-1.184602269;-1.30858123;-0.844218446;1.961218085;1.479251139
-0.683413225;-0.7067604;-0.81675578;-0.718512518;-1.016807587;0.500127529;-0.431999799;-0.825146113;-1.183649534;0.142422046;-0.843544221;1.924614496;2.116527334
0.832597266;0.889429368;0.104275856;-0.007990303;0.217061002;-0.53072574;-0.310446969;-0.09779264;0.215157985;-0.603881596;0.061894449;-0.461288522;-1.513081485
0.839825015;0.835998119;0.109521639;0.058505533;0.355120485;-0.563974025;-0.328007693;-0.112701248;0.195636064;-0.729345532;0.030223083;-0.501301559;-1.293023799
0.989427712;0.942082716;0.153550009;0.113600586;0.635662829;-0.739799608;-0.302956102;-0.102655168;0.183939744;-0.837527713;0.058852708;-0.558964777;-1.211940736
-0.683155229;-0.794312758;-0.857796175;-0.830404783;-1.448539335;1.636868264;0.569253623;-0.824799691;-1.120296386;-0.363558554;-0.833574988;1.083652305;1.502808984
0.744107939;0.870098754;0.114286187;0.153401173;0.747511737;-0.736028265;-0.344547877;-0.108659351;0.173919814;-0.374718453;0.046057861;-0.534249759;-1.069785793
0.524439085;0.681697341;0.109178598;0.229400341;0.82728263;-0.736399082;-0.418272471;-0.138728784;0.153200224;-0.288463191;-0.041462108;-0.622857053;-0.661128558
0.859111935;0.623116219;0.119897721;0.108121651;0.885529859;-0.70990691;-0.324274792;-0.130462246;0.161407888;-1.185976268;-0.022774989;-0.64751371;-0.848528723
0.878399234;0.879762906;0.115945891;0.047667293;0.371544221;-0.577806054;-0.305350995;-0.10813336;0.199054624;-0.731628126;0.042376203;-0.503132323;-1.329326193
-0.692400093;-0.799865805;-0.866052565;-0.818126191;-1.397845768;1.473652251;0.481361394;-0.828362336;-1.132052895;-0.329779475;-0.837011074;1.314383817;1.480806818
-0.720299077;-0.816623692;-0.890968549;-0.78107208;-1.244863642;0.981101937;0.216121824;-0.83911362;-1.167531474;-0.227841585;-0.847380429;2.010681178;1.414409081
0.116468091;0.570338364;0.053074194;0.304543564;0.802567842;-0.742247197;-0.73147757;-0.127548595;0.153840177;0.808701283;0.022496239;-0.548986196;-0.967495224
0.745401111;0.905033478;0.126150811;0.166133158;0.734647843;-0.743742039;-0.366485958;-0.096552991;0.183719149;-0.290105837;0.0664674;-0.540103682;-1.183202101
0.535834178;0.587689022;0.086746924;0.267857652;0.72727693;-0.68113958;-0.467724461;-0.13274759;0.147387086;-0.522398974;-0.038970951;-0.532174705;-0.761569578
0.799357186;0.909376448;0.098051404;-0.041832244;0.141143119;-0.514934436;-0.309148299;-0.087772235;0.226288743;-0.485568676;0.080774153;-0.432320428;-1.639675226
-0.568403408;-0.723750333;-0.80809934;-0.695726141;-0.998322949;0.466571787;-0.428365767;-0.822514939;-1.178077273;-0.678969189;-0.837743493;1.813702225;1.9519185
-0.682661054;-0.794015925;-0.857354838;-0.831061122;-1.451249107;1.645592806;0.573951811;-0.824609254;-1.119667954;-0.365364179;-0.833391316;1.071318792;1.503985087
0.773252402;0.925041699;0.093163089;-0.068409694;0.081521724;-0.502532885;-0.308128402;-0.079902805;0.235030179;-0.392652739;0.09560115;-0.409570609;-1.739094428
0.466815109;0.631069503;0.084726614;0.225691638;0.848847442;-0.706439417;-0.447735306;-0.145614924;0.160970769;-0.245712509;-0.029876099;-0.645013377;-0.664860343
-0.6890039;-0.771615502;-0.845620705;-0.781655784;-1.307722152;1.179838399;0.230295041;-0.825630857;-1.149831896;-0.189029823;-0.837381531;1.510853171;1.636658509
-0.713138541;-0.801162605;-0.868286817;-0.732363858;-1.123276921;0.589329243;-0.112634052;-0.83605315;-1.189040679;-0.153027405;-0.851703113;2.281842863;1.556324277
-0.737984695;-0.809611743;-0.883755171;-0.742482211;-1.131744993;0.624086664;-0.043145244;-0.839592699;-1.189982164;-0.053801474;-0.853498979;2.367720992;1.54965836
-0.764665826;-0.837224994;-0.854022376;-0.718378217;-1.101242059;0.567123939;-0.172963776;-0.833189429;-1.187568355;-0.015032903;-0.848684565;2.181797988;1.720659777
-0.681386473;-0.735417962;-0.831698149;-0.715827312;-1.094726936;0.557145588;-0.235952584;-0.827229884;-1.185113326;-0.033466134;-0.841480186;2.031506872;1.846761628
0.996785763;0.939542209;0.154785016;0.112591182;0.628262744;-0.739739926;-0.306141553;-0.103343226;0.183715975;-0.857147723;0.058091326;-0.560966782;-1.214283923
-0.91597138;-0.848686665;-0.892010261;-0.779506618;-1.221192584;-0.010303296;-0.559409287;-0.795072526;-0.80123133;1.721931711;-0.787433449;-0.183023006;1.439637043
-0.683101924;-0.708499596;-0.81711087;-0.718333997;-1.02790129;0.509383885;-0.412145352;-0.825121644;-1.184021218;0.130190285;-0.843017117;1.930919028;2.087791943
-0.648217944;-0.817067006;-0.871607544;-0.737259796;-1.100163688;0.616042902;-0.128829328;-0.838249797;-1.188277063;-0.651006548;-0.850398505;2.254794085;1.466114214
0.101152363;0.455401818;0.016685834;0.265950986;0.848633584;-0.71937493;-0.664094255;-0.16736043;0.122530581;0.556857783;-0.046227269;-0.539397832;-0.587974799
-0.679654752;-0.700322989;-0.812863955;-0.717254582;-1.009964525;0.493029454;-0.455034223;-0.824346241;-1.183276358;0.15198102;-0.842844932;1.897694746;2.148333189
1.01957424;0.850514138;0.155947874;0.103460832;0.635660472;-0.732908205;-0.331178708;-0.114218268;0.177075349;-1.073986757;0.034291165;-0.595015437;-1.148021064
0.098559395;0.515815699;0.035603294;0.291383888;0.821218656;-0.732074494;-0.712062913;-0.144252512;0.140195956;0.725859218;-0.005450625;-0.541524381;-0.812932018
0.391777766;0.471226718;0.047729989;0.300212657;0.836813664;-0.66294202;-0.534908254;-0.147122921;0.149933682;-0.405011502;-0.035343303;-0.576428873;-0.658686308
0.127433988;0.603723818;0.06377202;0.312601529;0.791147529;-0.748476173;-0.743365602;-0.11732041;0.162194841;0.859427344;0.039608732;-0.553555233;-1.062137752
-0.582852198;-0.797792316;-0.833800773;-0.76030564;-1.211846387;1.021698115;0.021817121;-0.8253591;-1.15652146;-0.962863257;-0.839725653;1.557059105;1.566914729
0.620195467;0.814133717;0.129536643;0.165653199;0.821948091;-0.754490491;-0.347509556;-0.131856371;0.167892812;-0.23851753;-0.015415574;-0.654030481;-0.759326819
-0.786220409;-0.865404604;-0.838523499;-0.703916055;-1.080657257;0.531200003;-0.248296747;-0.830387377;-1.186086978;-0.020312324;-0.845134815;2.071046326;1.795359965
0.924588152;0.707205329;0.134228746;0.103463297;0.796971085;-0.719255943;-0.322977247;-0.124309329;0.167058653;-1.1593666;-0.002406124;-0.629597767;-0.958245648
0.619892775;0.852387419;0.109217297;0.052567096;0.483448984;-0.644161124;-0.341629733;-0.108635017;0.200434229;-0.164952859;0.031888399;-0.550705419;-1.187945556
-0.690859752;-0.757248151;-0.840138525;-0.722795501;-1.12695818;0.589415217;-0.183655997;-0.829572697;-1.188083089;-0.076075203;-0.843732666;2.108865355;1.698317486
0.873751861;0.795097945;0.115070441;0.054788044;0.480586488;-0.597768136;-0.313942961;-0.116117933;0.189538035;-0.885731338;0.020304631;-0.541968703;-1.207128243
-0.695087663;-0.733461044;-0.83759444;-0.727475366;-1.043894249;0.533894034;-0.327345212;-0.830088028;-1.185340239;0.071094605;-0.845857429;2.048332829;1.946639078
0.735083834;0.963172324;0.088658903;-0.099556497;0.036964977;-0.506036883;-0.300753675;-0.065434574;0.247156637;-0.226652651;0.122831186;-0.377955109;-1.876494317
0.657455713;0.687033245;0.095858698;0.184099449;0.578383501;-0.634263645;-0.411826171;-0.124727391;0.166690677;-0.605194753;-0.011287602;-0.519822887;-0.974195323
0.891105608;0.961335849;0.137428018;0.13027218;0.725706878;-0.739619;-0.270887124;-0.095537492;0.18536498;-0.60099757;0.064861016;-0.535232982;-1.170680851
-0.643970918;-0.706232609;-0.820464998;-0.699971931;-1.014848503;0.458102364;-0.35847704;-0.824319748;-1.178350459;-0.131226619;-0.838651863;1.89629578;2.040601618
0.221814932;0.671235349;0.086824813;0.29397449;0.789772813;-0.756477708;-0.682263874;-0.111438072;0.170893116;0.713533073;0.042642456;-0.582559322;-1.08072631
-0.538130869;-0.80400406;-0.82789814;-0.714182773;-1.048783737;0.57293197;-0.332032682;-0.828476092;-1.184649764;-1.247096068;-0.845644042;1.985819321;1.582728131
1.046703249;0.918706841;0.161965486;0.092359362;0.531954183;-0.726610603;-0.333574248;-0.107286052;0.185191542;-0.993883756;0.054958084;-0.568515762;-1.270407844
0.081686926;0.464447803;0.019143287;0.278985653;0.838790304;-0.722490399;-0.693771618;-0.159989914;0.127341211;0.647810526;-0.031780439;-0.534494319;-0.667312087
0.416320576;0.555466132;0.081219096;0.312802808;0.798966161;-0.713940439;-0.541411513;-0.13130417;0.14353781;-0.238620034;-0.033524081;-0.542070465;-0.743387766
-0.602907641;-0.662764932;-0.796181609;-0.684039474;-0.963830087;0.389563149;-0.488855976;-0.818712075;-1.173513427;-0.176513866;-0.832244763;1.704096756;2.231887527
0.67821024;0.756025212;0.094287342;0.193172303;0.776833454;-0.699541897;-0.382291003;-0.117985077;0.174799684;-0.506755922;0.030658174;-0.56056275;-0.974763495
1.039065444;0.919691984;0.160133901;0.087266262;0.518481117;-0.720834278;-0.332939142;-0.106239186;0.186797371;-0.975184535;0.056680752;-0.563669667;-1.286432954
0.87411156;0.829600351;0.113598156;0.044744705;0.396883801;-0.574261092;-0.31301565;-0.113275291;0.195320192;-0.8195213;0.029181795;-0.519938645;-1.280154442
0.483260534;0.564482629;0.087256563;0.295217999;0.808079374;-0.711120425;-0.48143999;-0.137213587;0.140498724;-0.443399825;-0.050918105;-0.554616803;-0.654274988
0.425406751;0.498199273;0.061858737;0.304551435;0.823129318;-0.68030341;-0.519051359;-0.142899817;0.144819119;-0.435851207;-0.042668066;-0.560828585;-0.656206115
0.280610847;0.433423099;0.023496527;0.288871585;0.854503337;-0.656704506;-0.586728468;-0.156838558;0.148471706;-0.136327968;-0.03012355;-0.582619578;-0.643694696
-0.625527135;-0.673691264;-0.801021252;-0.693837977;-0.977077443;0.419799442;-0.479799773;-0.820361104;-1.176384079;-0.078891696;-0.835375626;1.760614695;2.208513663
-0.781181394;-0.858816795;-0.842146816;-0.70729701;-1.085469558;0.539598276;-0.230685457;-0.831042439;-1.186433293;-0.019078105;-0.845964673;2.096937772;1.777896607
0.876214964;0.864781813;0.112613921;0.035278531;0.314995309;-0.552358635;-0.312293976;-0.110408578;0.200956098;-0.755530544;0.038230428;-0.498532326;-1.35250878
0.519910943;0.668807988;0.106767972;0.236637888;0.825170971;-0.73361935;-0.425218599;-0.138562168;0.151803522;-0.305500582;-0.042501924;-0.615353109;-0.660374914
0.830558984;0.946585669;0.110132983;-0.051771631;0.150676319;-0.563144845;-0.315601223;-0.077660511;0.230635306;-0.464709531;0.103708324;-0.431374831;-1.723906685
0.882513137;0.971243949;0.133025485;0.099446741;0.643904522;-0.713266242;-0.269208447;-0.091096287;0.193637615;-0.560265856;0.074291508;-0.51688424;-1.264518922
1.052004541;0.899442859;0.163363253;0.10345999;0.580585546;-0.737569382;-0.333978864;-0.110772962;0.180495265;-1.044836235;0.046820412;-0.583208283;-1.212814489
0.885006544;0.905787063;0.122389133;0.069585495;0.470574146;-0.62356057;-0.294020985;-0.104291003;0.195552702;-0.695772247;0.049556735;-0.512135727;-1.288476913
0.766015795;0.896010349;0.134361863;0.144924337;0.771088215;-0.747253351;-0.304830652;-0.112503446;0.177577402;-0.42777205;0.027717631;-0.592491819;-0.97919083
-0.706933464;-0.799758635;-0.856862306;-0.837386133;-1.472328192;1.59079579;0.522971895;-0.818311329;-1.069324352;-0.132213354;-0.825014315;0.722643727;1.495635938
-0.79381519;-0.877650003;-0.822661119;-0.690230216;-1.055974768;0.49173336;-0.327333113;-0.827277357;-1.184051368;-0.03477028;-0.841298962;1.953746555;1.885485849
-0.603375719;-0.798325447;-0.844817563;-0.713499236;-1.105989809;0.486141651;-0.267164854;-0.833090121;-1.187287014;-0.802957968;-0.845211322;2.105662585;1.239912212
1.042332258;0.923816417;0.162429735;0.106342948;0.582456059;-0.739370491;-0.32585956;-0.107602319;0.182330837;-0.978596006;0.053378358;-0.573359241;-1.228788303
-0.735799958;-0.821475462;-0.901852083;-0.753512635;-1.141365155;0.647251716;0.02054707;-0.844845075;-1.191003036;-0.145148002;-0.853419489;2.445393545;1.402657217
-0.791459547;-0.877484636;-0.842346525;-0.70486398;-1.079267909;0.531459505;-0.240292374;-0.831818206;-1.186144358;-0.054196694;-0.844574519;2.079265451;1.757002348
-0.869575896;-0.821180023;-0.877847389;-0.765304608;-1.183151381;0.04785651;-0.549216653;-0.798513429;-0.855849212;1.441320954;-0.793955959;0.093057727;1.55641725
0.95303535;0.886037084;0.134511864;0.06326747;0.416113049;-0.629058585;-0.321597933;-0.110063383;0.193047887;-0.870106663;0.043556005;-0.531596897;-1.304468046
0.620179496;0.796332126;0.132180289;0.165752989;0.809063272;-0.755305986;-0.361752152;-0.136297596;0.165991809;-0.265351918;-0.02325492;-0.66765702;-0.735965612
-0.699820515;-0.748155674;-0.837708167;-0.723569095;-1.114893577;0.588701947;-0.204136772;-0.828882305;-1.187633747;0.024506461;-0.843852202;2.092054904;1.794170352
0.730960119;0.79851942;0.116200898;0.199492933;0.755559007;-0.726399818;-0.357358987;-0.111383801;0.167007594;-0.554588423;0.019601202;-0.536486581;-0.972009106
-0.73754533;-0.742902629;-0.837543209;-0.724889049;-1.074895124;0.213365552;-0.52021083;-0.808305424;-1.01127878;0.642769156;-0.81251748;0.878718153;1.888746078
-0.532347439;-0.7948253;-0.822379081;-0.710458247;-1.039542399;0.558693477;-0.358125019;-0.82708662;-1.183692465;-1.237470449;-0.844461619;1.946763836;1.629496643
0.510081609;0.593462257;0.060786497;0.243955329;0.81677352;-0.668749244;-0.470404599;-0.135659847;0.16592887;-0.433570744;0.002658306;-0.579664905;-0.817445165
-0.69517697;-0.758515178;-0.8494862;-0.719990667;-1.076275492;0.542461107;-0.205159588;-0.831099961;-1.184412695;-0.064024189;-0.846582715;2.128682577;1.81417225
-0.525185531;-0.801536069;-0.824228228;-0.709407492;-1.053146755;0.537141825;-0.358856979;-0.828172483;-1.184608874;-1.308775966;-0.844194592;1.961205158;1.476534891
-0.780095002;-0.871098465;-0.829472281;-0.72040245;-1.147040535;0.751693033;-0.126901154;-0.826595373;-1.169946248;-0.09781854;-0.839639982;1.754156372;1.796484985
-0.770735904;-0.845160774;-0.849657672;-0.714305466;-1.095445085;0.557007248;-0.194178613;-0.832400331;-1.187151178;-0.016519663;-0.847684905;2.150608743;1.741696414
-0.738624236;-0.821514423;-0.899354285;-0.751495976;-1.138780661;0.642044043;0.010295452;-0.843977805;-1.190821423;-0.122933647;-0.854033708;2.438779556;1.432304726
-0.552263793;-0.801627661;-0.839903321;-0.708178107;-1.100637416;0.444842559;-0.318686724;-0.833409323;-1.186792879;-1.133966609;-0.842381648;2.050863226;1.046208255
0.861035872;0.872363611;0.109601196;0.020963226;0.282012672;-0.544236016;-0.311558047;-0.106365613;0.205635047;-0.70510441;0.045741888;-0.486072222;-1.404774
0.972297704;0.891366744;0.140002671;0.070285565;0.441467851;-0.648290739;-0.323930857;-0.109976827;0.19106494;-0.898836091;0.044891369;-0.539887684;-1.292422056
0.28431174;0.488689315;0.047933867;0.292405501;0.824947421;-0.710703849;-0.584374756;-0.1520516;0.129204006;0.030062512;-0.050270401;-0.534694431;-0.619807566
-0.719477933;-0.816130461;-0.890235203;-0.782162685;-1.249366328;0.995599052;0.223928557;-0.83879718;-1.166487242;-0.230841899;-0.847075231;1.990187224;1.416363349
1.030289976;0.927974244;0.160408507;0.107994952;0.594567134;-0.739468168;-0.32064621;-0.106476235;0.182697061;-0.946485643;0.054624445;-0.570082732;-1.224953412
0.671596056;0.842994625;0.131237497;0.158346428;0.80402036;-0.751939453;-0.332465558;-0.125034608;0.171306559;-0.305228351;-0.000211438;-0.632338557;-0.836827258
0.126776469;0.601722014;0.063130574;0.31211837;0.791832295;-0.748102681;-0.742652792;-0.117933696;0.161693892;0.856385791;0.038582661;-0.553281272;-1.056462953
0.088673445;0.438945777;0.012630723;0.273427789;0.847075847;-0.71644513;-0.675375763;-0.167762509;0.120627611;0.557402263;-0.047291989;-0.530758148;-0.585845188
-0.676490014;-0.698308849;-0.811925215;-0.715914507;-1.006924415;0.487923359;-0.459395686;-0.824076452;-1.182851805;0.141056052;-0.842429621;1.887952507;2.15585115
0.875148086;0.866957633;0.112775473;0.036882368;0.322816216;-0.555292391;-0.310925964;-0.110024004;0.200777757;-0.749271132;0.038842999;-0.498702167;-1.349426217
0.290719535;0.589712494;0.062583583;0.228022329;0.846440451;-0.735178954;-0.540411667;-0.156027038;0.139630885;0.260410527;-0.040979379;-0.597592992;-0.620645318
-0.676603778;-0.787049678;-0.84973613;-0.833902839;-1.470656479;1.707614939;0.595562332;-0.822094355;-1.114770753;-0.368050171;-0.831347283;0.955849711;1.53716289
0.891577019;0.853395703;0.133109236;0.117963733;0.779820497;-0.730563025;-0.283488706;-0.106700031;0.177940502;-0.81213094;0.036621374;-0.574364773;-1.069837079
-0.680586119;-0.701798941;-0.813792812;-0.717570206;-1.011048256;0.494271704;-0.4504684;-0.82454226;-1.183347703;0.150295813;-0.843042845;1.903917662;2.142098021
1.025735332;0.906152289;0.155235271;0.089755169;0.511807152;-0.70164459;-0.330402854;-0.109736703;0.185563847;-0.978537279;0.048595935;-0.562887988;-1.259004065
-0.644335631;-0.792109918;-0.844856558;-0.814599115;-1.40075109;1.53167824;0.440987327;-0.822832132;-1.125194213;-0.582536032;-0.833536434;1.101072952;1.53734474
-0.668029998;-0.694222244;-0.810115119;-0.712249726;-1.001969713;0.47661455;-0.462782836;-0.823459691;-1.18177814;0.104543956;-0.841258633;1.866813985;2.164593311
-0.650275871;-0.769154137;-0.83597415;-0.720738493;-1.103740438;0.591990076;-0.223904752;-0.828933189;-1.187058878;-0.385339274;-0.844358946;2.071598032;1.699870078
0.478481057;0.550877853;0.084712135;0.302857266;0.805850507;-0.708186403;-0.488771663;-0.137037722;0.139024497;-0.461382877;-0.052015635;-0.546696353;-0.653479514
-0.68193002;-0.780420214;-0.847968426;-0.811461087;-1.400671067;1.480918336;0.438668556;-0.823613394;-1.129830615;-0.291155308;-0.833939182;1.194241131;1.579899384
-0.789828203;-0.773899747;-0.853503289;-0.740893234;-1.117763592;0.147825515;-0.531696865;-0.804427885;-0.949730121;0.95898822;-0.805167291;0.567603952;1.757146962
-0.679673554;-0.700197425;-0.812836391;-0.717266036;-1.009189193;0.492381494;-0.456429907;-0.824347342;-1.183250274;0.152837397;-0.842881005;1.8972369;2.15035202
0.111800201;0.434442656;0.012260811;0.275064345;0.850029136;-0.705424575;-0.664739213;-0.166763439;0.125355163;0.461354911;-0.043804094;-0.540397819;-0.594548381
0.801363802;0.908172295;0.098427157;-0.039789295;0.145726082;-0.515887716;-0.309226697;-0.08837714;0.225616809;-0.492710916;0.079634435;-0.434069156;-1.632033095
0.554542829;0.510693553;0.065382345;0.218102323;0.868175259;-0.667591019;-0.462134036;-0.143852694;0.158904209;-0.69824333;-0.024075008;-0.618533357;-0.738321655
-0.680905626;-0.790510189;-0.852588929;-0.831293568;-1.458631263;1.670360014;0.577973974;-0.823052007;-1.117430085;-0.356568539;-0.832675655;1.015781688;1.532813582
-0.579323612;-0.702223992;-0.803774462;-0.691264256;-0.985838891;0.438671064;-0.449639451;-0.821130323;-1.17637661;-0.509816964;-0.835708786;1.773402106;2.049569801
-0.721324444;-0.773293078;-0.856488902;-0.73114883;-1.094039668;0.578653574;-0.184337629;-0.833243721;-1.187697071;0.036835594;-0.85026763;2.202157062;1.773626886
-0.769042702;-0.856283095;-0.870227302;-0.726820808;-1.106276566;0.582753517;-0.121167781;-0.838004974;-1.188331877;-0.099225008;-0.848735057;2.248898957;1.591738606
-0.772691495;-0.854073883;-0.819707691;-0.689420066;-1.045746904;0.480178033;-0.345066239;-0.826320863;-1.182862963;-0.051569954;-0.840268712;1.925751187;1.923570843
0.740593215;0.691591669;0.12443085;0.133221882;0.868249804;-0.730934439;-0.338170845;-0.134134055;0.162481603;-0.766939398;-0.02726753;-0.661822302;-0.774995683
0.62218098;0.815248563;0.129602344;0.165370952;0.821255574;-0.754391949;-0.346928433;-0.131592858;0.168024679;-0.24109445;-0.014828266;-0.653192561;-0.762320523
-0.650794443;-0.79955113;-0.854956534;-0.721648956;-1.113458028;0.530719804;-0.200405879;-0.834370182;-1.188044616;-0.522180948;-0.848015846;2.181774367;1.37660564
0.872287152;0.654603064;0.121065633;0.095684833;0.821426461;-0.69348956;-0.317719002;-0.127693261;0.165992911;-1.155340688;-0.015843461;-0.631675795;-0.909763272
0.8732823;0.750057642;0.116992399;0.067898869;0.589854067;-0.628454819;-0.315153496;-0.119828789;0.181989863;-0.972163574;0.008716159;-0.570727292;-1.111798021
0.754938913;0.684636338;0.12418799;0.129973492;0.870216367;-0.728834609;-0.336016673;-0.133671334;0.162375966;-0.81493723;-0.026771101;-0.66039429;-0.783532193
0.243647993;0.538072617;0.052153364;0.30820303;0.816965518;-0.696697001;-0.656740078;-0.129094963;0.164803198;0.274093922;0.01752689;-0.579075921;-0.918413465
-0.78084425;-0.883186935;-0.824321304;-0.692630067;-1.060244033;0.504746637;-0.320151417;-0.827805505;-1.184695895;-0.140343943;-0.842190366;1.969070694;1.839215618
-0.714344908;-0.774881719;-0.868336389;-0.740118776;-1.087179623;0.585546238;-0.166699786;-0.837206251;-1.187941529;-0.03017646;-0.849570621;2.236260887;1.69354713
0.975610726;0.892283417;0.140947061;0.07149264;0.445828742;-0.651598567;-0.324332107;-0.10996194;0.190723883;-0.903777399;0.045121044;-0.541313655;-1.29035021
0.957216284;0.953204323;0.148143505;0.118019466;0.668058268;-0.74006088;-0.289011118;-0.099643049;0.184919343;-0.751636963;0.062185816;-0.550200572;-1.201682937
0.846389543;0.915874;0.131500949;0.149600103;0.734042234;-0.73592792;-0.295031928;-0.099962122;0.180239203;-0.588039138;0.052223503;-0.535583014;-1.115207426
0.99966471;0.898938863;0.147803741;0.080256531;0.477490709;-0.67561484;-0.32724536;-0.109853852;0.188247666;-0.939653451;0.046788588;-0.551666827;-1.275307704
0.851864183;0.63764334;0.12254713;0.108026075;0.883503254;-0.714647318;-0.321462225;-0.130545002;0.161662239;-1.139229773;-0.02341703;-0.650746071;-0.841208268
0.627852838;0.572072555;0.097619429;0.230481199;0.835579607;-0.707686616;-0.427454015;-0.13416016;0.14679941;-0.761395084;-0.041366041;-0.581194083;-0.730319323
-0.73778468;-0.805889212;-0.87887659;-0.73966318;-1.129544606;0.618470541;-0.059858679;-0.838221269;-1.189719687;-0.032180573;-0.853331745;2.345497617;1.586360393
-0.724889588;-0.779549764;-0.860225377;-0.732337139;-1.101302517;0.586038107;-0.161047655;-0.834005214;-1.188077698;0.026906319;-0.850899894;2.228256967;1.741380772
-0.513480265;-0.796626476;-0.825134133;-0.699165124;-1.086992692;0.416497114;-0.391529576;-0.830328269;-1.185680159;-1.34036389;-0.840325318;1.9591083;1.03593593
0.14305907;0.643179893;0.076597265;0.322346145;0.777715615;-0.75507311;-0.756191799;-0.105071084;0.172436934;0.909983923;0.060056662;-0.55962256;-1.174809473
0.539598885;0.7248497;0.117249151;0.205169703;0.83435227;-0.745705369;-0.395017477;-0.139286601;0.157876256;-0.231423583;-0.037980902;-0.647979563;-0.663651685
-0.618203415;-0.679923389;-0.805861179;-0.689898262;-0.983937702;0.415652028;-0.43562823;-0.820907863;-1.175299868;-0.165043692;-0.834660962;1.779355941;2.154543607
0.837403842;0.834020429;0.109340246;0.060172944;0.358084572;-0.564907205;-0.329120484;-0.11286091;0.195251778;-0.72769728;0.029671978;-0.501547452;-1.288790964
0.851827945;0.923895532;0.128881925;0.140731309;0.735589421;-0.73133987;-0.291300669;-0.099733259;0.183960114;-0.582330455;0.059572183;-0.540836947;-1.137217964
-0.762416227;-0.757647919;-0.845135399;-0.732502219;-1.0952876;0.182188239;-0.525674722;-0.806460883;-0.98200016;0.793194166;-0.809021004;0.73072152;1.826144545
0.114515861;0.464870021;0.019921386;0.263277213;0.848478979;-0.720489032;-0.655375277;-0.166561485;0.123736064;0.535959796;-0.04585732;-0.543500287;-0.590277901
0.827611998;0.826022149;0.108606651;0.066916382;0.370072097;-0.568681223;-0.333620899;-0.113506622;0.193697632;-0.721031328;0.02744317;-0.502541906;-1.271672301
0.125241152;0.597047775;0.06163279;0.310990189;0.793431233;-0.747230573;-0.740988369;-0.119365726;0.16052417;0.849283723;0.036186771;-0.552641569;-1.043212216
0.501498579;0.687069805;0.10084544;0.206355193;0.846771681;-0.725690816;-0.416735397;-0.143497693;0.16204421;-0.213012071;-0.031262637;-0.658162324;-0.665613291
0.874258562;0.843700745;0.112996465;0.040640208;0.362676305;-0.564654266;-0.312636678;-0.112113564;0.197683236;-0.792462676;0.032809702;-0.510935431;-1.309998684
-0.574391728;-0.711945919;-0.805727704;-0.693279374;-0.991477057;0.451271848;-0.440031632;-0.821755656;-1.177144679;-0.586211067;-0.836627719;1.791602821;2.005467612
-0.776188003;-0.86806309;-0.830246388;-0.72489587;-1.159927684;0.790010963;-0.098122749;-0.826409277;-1.167709737;-0.108811649;-0.839299715;1.721539893;1.786325822
-0.707367406;-0.764325528;-0.849859516;-0.728621686;-1.13101663;0.608358022;-0.14234578;-0.831713075;-1.188630158;-0.01487943;-0.845348023;2.165738011;1.696240732
-0.664247693;-0.73831069;-0.847363328;-0.716760403;-1.045510913;0.508599169;-0.245665925;-0.831352937;-1.181523059;-0.175366568;-0.842232882;2.057232687;1.835137694
0.441804707;0.511351461;0.068748109;0.306667083;0.816456643;-0.688769062;-0.51131932;-0.140840574;0.142325188;-0.450889071;-0.046239721;-0.55322167;-0.654996739
0.670145537;0.912244943;0.094155848;-0.047736063;0.187087478;-0.550800676;-0.322006813;-0.082810194;0.230585496;-0.169918442;0.08578061;-0.444306602;-1.617050039
0.101892063;0.525961937;0.038854491;0.2938328;0.817747886;-0.733967554;-0.715675828;-0.141144044;0.142735038;0.741275474;-0.000249934;-0.542912966;-0.841695014
0.467551571;0.690959668;0.071218455;0.202113679;0.789254606;-0.728173737;-0.483865491;-0.133529491;0.15169193;0.02736567;0.007756738;-0.532674474;-0.86948507
0.888643895;0.819592626;0.131474964;0.115790466;0.795775431;-0.727735453;-0.288727157;-0.110176763;0.175478318;-0.871262243;0.027726699;-0.585513009;-1.037364622
-0.861995552;-0.831025927;-0.881810594;-0.767500576;-1.213537544;0.209247651;-0.396474091;-0.807275875;-0.924623112;1.208475456;-0.806726659;0.592979327;1.4736352
-0.578065835;-0.704703371;-0.804272597;-0.691778171;-0.987276791;0.441884637;-0.447189173;-0.821289801;-1.17657249;-0.529299722;-0.835943141;1.778043827;2.038322437
0.60196759;0.83103621;0.114589724;0.088345284;0.589161283;-0.677462843;-0.348629239;-0.117846745;0.189679256;-0.163181633;0.012665021;-0.588657931;-1.034883769
-0.696935853;-0.741313328;-0.834154265;-0.722665819;-1.099883738;0.575016236;-0.240027025;-0.828233433;-1.187010433;0.042741378;-0.843708114;2.064252169;1.84483246
0.488407888;0.540201112;0.08357721;0.303024318;0.806631754;-0.705395176;-0.489716861;-0.136595988;0.138395503;-0.507108241;-0.052015412;-0.542616013;-0.660141008
-0.759519792;-0.830497272;-0.857722646;-0.721830976;-1.106156563;0.575700575;-0.154978457;-0.833858403;-1.187922025;-0.013772471;-0.849532048;2.208239319;1.702825532
0.888808747;0.920762772;0.126096923;0.082198417;0.527561331;-0.649890198;-0.287501084;-0.102079902;0.193537505;-0.675138831;0.053688802;-0.517316774;-1.264970024
-0.681227733;-0.793154982;-0.85607477;-0.832964792;-1.459108624;1.670897772;0.587578598;-0.824056902;-1.117845228;-0.370601278;-0.832858586;1.035546241;1.507396297
0.811725822;0.901954138;0.100367523;-0.029239656;0.169392168;-0.520810381;-0.309631534;-0.091500828;0.222146988;-0.529592921;0.073749014;-0.443099458;-1.592569687
-0.731894876;-0.794162657;-0.86825862;-0.734596243;-1.127472707;0.610594002;-0.093076589;-0.835544139;-1.18923644;-0.005894135;-0.851663468;2.288250536;1.646007363
0.401299591;0.525287449;0.054278876;0.262217312;0.852768463;-0.670074391;-0.506292741;-0.149614277;0.158943087;-0.307482167;-0.027256993;-0.620175607;-0.663438057
0.338804895;0.607564149;0.051168917;0.224791057;0.808687373;-0.72451718;-0.54872272;-0.145107413;0.141344072;0.214549914;-0.010073776;-0.531941123;-0.776238068
0.580116145;0.769396957;0.127147588;0.169559746;0.846250993;-0.754424029;-0.362268329;-0.139310256;0.163663304;-0.230015264;-0.032820793;-0.677796651;-0.679502656
0.138492949;0.637392604;0.074560634;0.32072788;0.779630295;-0.754758011;-0.755354524;-0.107005423;0.170620408;0.9105839;0.056866454;-0.558163046;-1.157583481
0.978992231;0.789286652;0.146668559;0.103461885;0.704579078;-0.727075391;-0.327674703;-0.118529589;0.1727958;-1.110464578;0.018612556;-0.609790447;-1.06694111
0.205415705;0.521161447;0.030396407;0.248286164;0.828820873;-0.720728769;-0.615918655;-0.157102826;0.130623077;0.408483889;-0.028547246;-0.531181329;-0.679628644
-0.723006796;-0.793512693;-0.882164084;-0.745805768;-1.106649336;0.608779343;-0.094441648;-0.84040802;-1.189111587;-0.075728075;-0.851240811;2.320790722;1.579706648
-0.705149138;-0.768696994;-0.85513796;-0.723889233;-1.088238146;0.558889626;-0.175301644;-0.83242038;-1.185593291;-0.050936792;-0.848127216;2.173938952;1.77007606
0.86179611;0.624107003;0.120378166;0.107152389;0.885682806;-0.710279841;-0.323059835;-0.130344235;0.161429953;-1.19027467;-0.022763532;-0.647769115;-0.849499981
0.526300556;0.727115342;0.112371932;0.192527799;0.845287314;-0.739457395;-0.394567516;-0.141983672;0.162811822;-0.18962815;-0.032254142;-0.66756507;-0.666151721
0.08841955;0.446380463;0.013602982;0.268498571;0.848780892;-0.718313408;-0.672401744;-0.168121669;0.121381991;0.576769498;-0.046579758;-0.53548899;-0.585780392
0.565099024;0.783197625;0.127713491;0.173485349;0.841164878;-0.757224956;-0.363635263;-0.139168639;0.164233607;-0.167010005;-0.031712933;-0.677282118;-0.676253869
0.371107663;0.628488232;0.056199381;0.219101263;0.803811658;-0.725434617;-0.532449927;-0.142202492;0.143940368;0.167585058;-0.005600069;-0.532125122;-0.799633905
-0.665547545;-0.693023096;-0.809583976;-0.711174356;-1.000515837;0.473296166;-0.463776739;-0.823278713;-1.181463091;0.09383008;-0.840915026;1.860611232;2.167158555
-0.721053138;-0.796440399;-0.812487829;-0.687439597;-1.020744172;0.451930222;-0.388416112;-0.823982647;-1.179957823;-0.092637937;-0.837750192;1.857314539;2.01667229
-0.51604296;-0.797701359;-0.824935799;-0.701407539;-1.079582625;0.442910488;-0.384376394;-0.829856291;-1.185445617;-1.333448182;-0.841172439;1.959567376;1.132398553
0.632991683;0.743760918;0.126252451;0.157586795;0.853499374;-0.746684452;-0.354328457;-0.137604751;0.163273946;-0.406926224;-0.03099105;-0.672533268;-0.710966623
